-- --------------------------------------------------------

--
-- Estrutura para tabela `Agricultor`
--

CREATE TABLE `Agricultor` (
  `id` bigint UNSIGNED NOT NULL,
  `nome` varchar(255) CHARACTER SET utf8mb4 COLLATE utf8mb4_0900_ai_ci NOT NULL,
  `cpf` varchar(11) CHARACTER SET utf8mb4 COLLATE utf8mb4_0900_ai_ci NOT NULL,
  `email` varchar(255) CHARACTER SET utf8mb4 COLLATE utf8mb4_0900_ai_ci DEFAULT NULL,
  `telefone` varchar(14) CHARACTER SET utf8mb4 COLLATE utf8mb4_0900_ai_ci DEFAULT NULL
) ENGINE=InnoDB DEFAULT CHARSET=utf8mb4 COLLATE=utf8mb4_0900_ai_ci;

--
-- Despejando dados para a tabela `Agricultor`
--

INSERT INTO `Agricultor` (`id`, `nome`, `cpf`, `email`, `telefone`) VALUES
(1, 'Bruno da Fonseca Chevitarese', '1889145091', 'bruno.chevitarese@estudante.ifes.edu.b', '27992795093'),
(2, 'Bruno', '18891455', 'chevitarese.bruno@gmail.com', '27992795092'),
(8, 'Wilsiman', '5002055', 'will.evangelista@gmail.com', '27992794597'),
(11, 'Marcos Vinícius Souza Dos Santos', '19835640777', 'marcosvinicius@gmail.com', '27449525150'),
(14, 'Fidelis Zanetti de Castro', '05523651737', 'fidelis.castro@gmail.com', '(27)997980102'),
(15, 'Victor Dias Pirovani', '10647834', 'victor.pirovani@ifes.edu.br', '28999121985'),
(16, 'Lérisson', '66666666666', 'fidelis@gmail.com', '2733235677'),
(20, 'Bruno', '15040807', 'asdds@asd', '10578'),
(21, 'Toin', '11111111111', 'toin@gmail.com', '123456');

-- --------------------------------------------------------

--
-- Estrutura para tabela `Amostragem`
--

CREATE TABLE `Amostragem` (
  `id` bigint UNSIGNED NOT NULL,
  `data_Amos` date NOT NULL,
  `cultivo_id` bigint UNSIGNED NOT NULL,
  `classificacao_final` text,
  `media_rajado_foliolo` float(8,2) DEFAULT NULL,
  `acao_sugerida` text,
  `qtd_total` smallint DEFAULT NULL,
  `seis_a_nove` float(8,2) DEFAULT NULL,
  `mais_dez` float(8,2) DEFAULT NULL,
  `um_a_cinco` float(8,2) DEFAULT NULL,
  `sem_predador_rajado` float(8,2) DEFAULT NULL,
  `predador_sem_rajado` float(8,2) DEFAULT NULL,
  `com_predador_rajado` float(8,2) DEFAULT NULL
) ENGINE=InnoDB DEFAULT CHARSET=utf8mb4 COLLATE=utf8mb4_0900_ai_ci;

--
-- Despejando dados para a tabela `Amostragem`
--

INSERT INTO `Amostragem` (`id`, `data_Amos`, `cultivo_id`, `classificacao_final`, `media_rajado_foliolo`, `acao_sugerida`, `qtd_total`, `seis_a_nove`, `mais_dez`, `um_a_cinco`, `sem_predador_rajado`, `predador_sem_rajado`, `com_predador_rajado`) VALUES
(2, '2024-01-01', 9, NULL, 8.50, NULL, 2, 1.00, 2.00, 0.00, NULL, NULL, NULL),
(3, '2024-01-02', 10, NULL, 8.50, NULL, 2, 1.00, 2.00, 0.00, NULL, NULL, NULL),
(4, '2024-01-03', 9, NULL, 8.50, NULL, 2, 1.00, 2.00, 0.00, NULL, NULL, NULL),
(5, '2024-01-04', 10, NULL, 8.50, NULL, 2, 1.00, 2.00, 0.00, NULL, NULL, NULL),
(6, '2024-01-05', 9, NULL, 8.50, NULL, 2, 1.00, 2.00, 0.00, NULL, NULL, NULL),
(7, '2024-01-06', 10, NULL, 8.50, NULL, 2, 1.00, 2.00, 0.00, NULL, NULL, NULL),
(8, '2024-01-07', 9, NULL, 8.50, NULL, 2, 1.00, 2.00, 0.00, NULL, NULL, NULL),
(9, '2024-01-08', 10, NULL, 8.50, NULL, 2, 1.00, 2.00, 0.00, NULL, NULL, NULL),
(10, '2024-01-09', 9, NULL, 8.50, NULL, 2, 1.00, 2.00, 0.00, NULL, NULL, NULL),
(11, '2024-01-10', 10, NULL, 8.50, NULL, 2, 1.00, 2.00, 0.00, NULL, NULL, NULL),
(12, '2024-01-11', 9, NULL, 8.50, NULL, 2, 1.00, 2.00, 0.00, NULL, NULL, NULL),
(13, '2023-10-25', 13, NULL, 8.50, NULL, 2, 1.00, 2.00, 0.00, NULL, NULL, NULL),
(14, '2023-10-25', 13, NULL, 8.50, NULL, 2, 1.00, 2.00, 0.00, NULL, NULL, NULL),
(15, '2023-10-25', 13, NULL, 8.50, NULL, 2, 1.00, 2.00, 0.00, NULL, NULL, NULL),
(16, '2023-10-25', 13, NULL, 8.50, NULL, 2, 1.00, 2.00, 0.00, NULL, NULL, NULL),
(17, '2023-10-25', 13, NULL, 8.50, NULL, 2, 1.00, 2.00, 0.00, NULL, NULL, NULL),
(18, '2023-10-25', 13, NULL, 8.50, NULL, 2, 1.00, 2.00, 0.00, NULL, NULL, NULL),
(19, '2023-10-25', 13, NULL, 8.50, NULL, 2, 1.00, 2.00, 0.00, NULL, NULL, NULL),
(20, '2023-10-25', 13, NULL, 8.50, NULL, 2, 1.00, 2.00, 0.00, NULL, NULL, NULL),
(21, '2023-10-25', 13, NULL, 8.50, NULL, 2, 1.00, 2.00, 0.00, NULL, NULL, NULL),
(22, '2023-10-25', 13, NULL, 8.50, NULL, 2, 1.00, 2.00, 0.00, NULL, NULL, NULL),
(23, '2023-10-25', 13, NULL, 8.50, NULL, 2, 1.00, 2.00, 0.00, NULL, NULL, NULL),
(24, '2023-10-25', 13, NULL, 8.50, NULL, 2, 1.00, 2.00, 0.00, NULL, NULL, NULL),
(25, '2023-10-25', 13, NULL, 8.50, NULL, 2, 1.00, 2.00, 0.00, NULL, NULL, NULL),
(26, '2023-10-25', 13, NULL, 8.50, NULL, 2, 1.00, 2.00, 0.00, NULL, NULL, NULL),
(27, '2023-10-25', 13, NULL, 8.50, NULL, 2, 1.00, 2.00, 0.00, NULL, NULL, NULL),
(28, '2023-10-25', 13, NULL, 8.50, NULL, 2, 1.00, 2.00, 0.00, NULL, NULL, NULL),
(29, '2023-10-25', 13, NULL, 8.50, NULL, 2, 1.00, 2.00, 0.00, NULL, NULL, NULL),
(30, '2023-10-25', 13, NULL, 8.50, NULL, 2, 1.00, 2.00, 0.00, NULL, NULL, NULL),
(31, '2023-10-25', 13, NULL, 8.50, NULL, 2, 1.00, 2.00, 0.00, NULL, NULL, NULL),
(32, '2023-10-25', 13, NULL, 8.50, NULL, 2, 1.00, 2.00, 0.00, NULL, NULL, NULL),
(33, '2023-10-25', 13, NULL, 8.50, NULL, 2, 1.00, 2.00, 0.00, NULL, NULL, NULL),
(34, '2023-10-25', 13, NULL, 8.50, NULL, 2, 1.00, 2.00, 0.00, NULL, NULL, NULL),
(35, '2023-10-25', 13, NULL, 8.50, NULL, 2, 1.00, 2.00, 0.00, NULL, NULL, NULL),
(36, '2023-10-25', 13, NULL, 8.50, NULL, 2, 1.00, 2.00, 0.00, NULL, NULL, NULL),
(37, '2023-10-25', 13, NULL, 8.50, NULL, 2, 1.00, 2.00, 0.00, NULL, NULL, NULL),
(38, '2023-10-25', 13, NULL, 8.50, NULL, 2, 1.00, 2.00, 0.00, NULL, NULL, NULL),
(39, '2023-10-25', 13, NULL, 8.50, NULL, 2, 1.00, 2.00, 0.00, NULL, NULL, NULL),
(40, '2023-10-25', 13, NULL, 8.50, NULL, 2, 1.00, 2.00, 0.00, NULL, NULL, NULL),
(41, '2023-10-25', 13, NULL, 8.50, NULL, 2, 1.00, 2.00, 0.00, NULL, NULL, NULL),
(42, '2023-10-25', 13, NULL, 8.50, NULL, 2, 1.00, 2.00, 0.00, NULL, NULL, NULL),
(43, '2024-02-01', 9, NULL, 8.50, NULL, 2, 1.00, 2.00, 0.00, NULL, NULL, NULL),
(44, '2024-02-02', 10, NULL, 8.50, NULL, 2, 1.00, 2.00, 0.00, NULL, NULL, NULL),
(45, '2024-02-03', 9, NULL, 8.50, NULL, 2, 1.00, 2.00, 0.00, NULL, NULL, NULL),
(46, '2024-02-04', 10, NULL, 8.50, NULL, 2, 1.00, 2.00, 0.00, NULL, NULL, NULL),
(47, '2024-02-05', 9, NULL, 8.50, NULL, 2, 1.00, 2.00, 0.00, NULL, NULL, NULL),
(48, '2024-02-06', 10, NULL, 8.50, NULL, 2, 1.00, 2.00, 0.00, NULL, NULL, NULL),
(49, '2024-02-07', 9, NULL, 8.50, NULL, 2, 1.00, 2.00, 0.00, NULL, NULL, NULL),
(50, '2024-02-08', 10, NULL, 8.50, NULL, 2, 1.00, 2.00, 0.00, NULL, NULL, NULL),
(51, '2024-02-09', 9, NULL, 8.50, NULL, 2, 1.00, 2.00, 0.00, NULL, NULL, NULL),
(52, '2024-02-10', 10, NULL, 8.50, NULL, 2, 1.00, 2.00, 0.00, NULL, NULL, NULL),
(53, '2024-02-11', 18, NULL, 8.50, NULL, 2, 1.00, 2.00, 0.00, NULL, NULL, NULL),
(54, '2024-02-17', 18, NULL, 8.50, NULL, 2, 1.00, 2.00, 0.00, NULL, NULL, NULL),
(55, '2024-02-15', 18, NULL, 8.50, NULL, 2, 1.00, 2.00, 0.00, NULL, NULL, NULL),
(56, '2024-02-16', 18, NULL, 8.50, NULL, 2, 1.00, 2.00, 0.00, NULL, NULL, NULL),
(57, '2024-02-17', 18, NULL, 8.50, NULL, 2, 1.00, 2.00, 0.00, NULL, NULL, NULL),
(58, '2024-02-18', 18, NULL, 8.50, NULL, 2, 1.00, 2.00, 0.00, NULL, NULL, NULL),
(59, '2024-02-19', 18, NULL, 8.50, NULL, 2, 1.00, 2.00, 0.00, NULL, NULL, NULL),
(60, '2024-02-20', 18, NULL, 8.50, NULL, 2, 1.00, 2.00, 0.00, NULL, NULL, NULL),
(61, '2024-02-21', 18, NULL, 8.50, NULL, 2, 1.00, 2.00, 0.00, NULL, NULL, NULL),
(62, '2024-02-22', 18, NULL, 8.50, NULL, 2, 1.00, 2.00, 0.00, NULL, NULL, NULL),
(63, '2023-12-15', 19, NULL, 8.50, NULL, 2, 1.00, 2.00, 0.00, NULL, NULL, NULL),
(64, '2023-11-16', 19, NULL, 8.50, NULL, 2, 1.00, 2.00, 0.00, NULL, NULL, NULL),
(65, '2023-10-17', 19, NULL, 8.50, NULL, 2, 1.00, 2.00, 0.00, NULL, NULL, NULL),
(66, '2023-09-18', 19, NULL, 8.50, NULL, 2, 1.00, 2.00, 0.00, NULL, NULL, NULL),
(67, '2023-08-19', 19, NULL, 8.50, NULL, 2, 1.00, 2.00, 0.00, NULL, NULL, NULL),
(68, '2023-07-20', 19, NULL, 8.50, NULL, 2, 1.00, 2.00, 0.00, NULL, NULL, NULL),
(69, '2023-06-21', 19, NULL, 8.50, NULL, 2, 1.00, 2.00, 0.00, NULL, NULL, NULL),
(70, '2023-05-22', 19, NULL, 8.50, NULL, 2, 1.00, 2.00, 0.00, NULL, NULL, NULL),
(71, '2023-04-23', 19, NULL, 8.50, NULL, 2, 1.00, 2.00, 0.00, NULL, NULL, NULL),
(72, '2023-03-24', 19, NULL, 8.50, NULL, 2, 1.00, 2.00, 0.00, NULL, NULL, NULL),
(73, '2024-02-01', 15, NULL, 8.50, NULL, 2, 1.00, 2.00, 0.00, NULL, NULL, NULL),
(74, '2024-02-02', 15, NULL, 8.50, NULL, 2, 1.00, 2.00, 0.00, NULL, NULL, NULL),
(75, '2024-02-03', 15, NULL, 8.50, NULL, 2, 1.00, 2.00, 0.00, NULL, NULL, NULL),
(76, '2024-02-04', 15, NULL, 8.50, NULL, 2, 1.00, 2.00, 0.00, NULL, NULL, NULL),
(77, '2024-02-05', 15, NULL, 8.50, NULL, 2, 1.00, 2.00, 0.00, NULL, NULL, NULL),
(78, '2024-02-06', 15, NULL, 8.50, NULL, 2, 1.00, 2.00, 0.00, NULL, NULL, NULL),
(79, '2024-02-07', 15, NULL, 8.50, NULL, 2, 1.00, 2.00, 0.00, NULL, NULL, NULL),
(80, '2024-02-08', 15, NULL, 8.50, NULL, 2, 1.00, 2.00, 0.00, NULL, NULL, NULL),
(81, '2024-02-09', 15, NULL, 8.50, NULL, 2, 1.00, 2.00, 0.00, NULL, NULL, NULL),
(82, '2024-02-10', 15, NULL, 8.50, NULL, 2, 1.00, 2.00, 0.00, NULL, NULL, NULL),
(83, '2024-02-15', 20, NULL, 8.50, NULL, 2, 1.00, 2.00, 0.00, NULL, NULL, NULL),
(84, '2024-02-16', 20, NULL, 8.50, NULL, 2, 1.00, 2.00, 0.00, NULL, NULL, NULL),
(85, '2024-02-17', 20, NULL, 8.50, NULL, 2, 1.00, 2.00, 0.00, NULL, NULL, NULL),
(86, '2024-02-18', 20, NULL, 8.50, NULL, 2, 1.00, 2.00, 0.00, NULL, NULL, NULL),
(87, '2024-02-19', 20, NULL, 8.50, NULL, 2, 1.00, 2.00, 0.00, NULL, NULL, NULL),
(88, '2024-02-20', 20, NULL, 8.50, NULL, 2, 1.00, 2.00, 0.00, NULL, NULL, NULL),
(89, '2024-02-21', 20, NULL, 8.50, NULL, 2, 1.00, 2.00, 0.00, NULL, NULL, NULL),
(90, '2024-02-22', 20, NULL, 8.50, NULL, 2, 1.00, 2.00, 0.00, NULL, NULL, NULL),
(91, '2024-02-23', 20, NULL, 8.50, NULL, 2, 1.00, 2.00, 0.00, NULL, NULL, NULL),
(92, '2024-02-24', 20, NULL, 8.50, NULL, 2, 1.00, 2.00, 0.00, NULL, NULL, NULL),
(93, '2022-07-15', 21, NULL, 8.50, NULL, 2, 1.00, 2.00, 0.00, NULL, NULL, NULL),
(94, '2022-08-16', 21, NULL, 8.50, NULL, 2, 1.00, 2.00, 0.00, NULL, NULL, NULL),
(95, '2022-09-17', 21, NULL, 8.50, NULL, 2, 1.00, 2.00, 0.00, NULL, NULL, NULL),
(96, '2022-10-18', 21, NULL, 8.50, NULL, 2, 1.00, 2.00, 0.00, NULL, NULL, NULL),
(97, '2022-11-19', 21, NULL, 8.50, NULL, 2, 1.00, 2.00, 0.00, NULL, NULL, NULL),
(98, '2022-12-20', 21, NULL, 8.50, NULL, 2, 1.00, 2.00, 0.00, NULL, NULL, NULL),
(99, '2023-01-21', 21, NULL, 8.50, NULL, 2, 1.00, 2.00, 0.00, NULL, NULL, NULL),
(100, '2023-02-22', 21, NULL, 8.50, NULL, 2, 1.00, 2.00, 0.00, NULL, NULL, NULL),
(101, '2023-03-23', 21, NULL, 8.50, NULL, 2, 1.00, 2.00, 0.00, NULL, NULL, NULL),
(102, '2023-04-24', 21, NULL, 8.50, NULL, 2, 1.00, 2.00, 0.00, NULL, NULL, NULL),
(103, '2023-03-01', 16, NULL, 8.50, NULL, 2, 1.00, 2.00, 0.00, NULL, NULL, NULL),
(104, '2023-03-02', 16, NULL, 8.50, NULL, 2, 1.00, 2.00, 0.00, NULL, NULL, NULL),
(105, '2023-03-03', 16, NULL, 8.50, NULL, 2, 1.00, 2.00, 0.00, NULL, NULL, NULL),
(106, '2023-03-04', 16, NULL, 8.50, NULL, 2, 1.00, 2.00, 0.00, NULL, NULL, NULL),
(107, '2023-03-05', 16, NULL, 8.50, NULL, 2, 1.00, 2.00, 0.00, NULL, NULL, NULL),
(108, '2023-03-06', 16, NULL, 8.50, NULL, 2, 1.00, 2.00, 0.00, NULL, NULL, NULL),
(109, '2023-03-07', 16, NULL, 8.50, NULL, 2, 1.00, 2.00, 0.00, NULL, NULL, NULL),
(110, '2023-03-08', 16, NULL, 8.50, NULL, 2, 1.00, 2.00, 0.00, NULL, NULL, NULL),
(111, '2023-03-09', 16, NULL, 8.50, NULL, 2, 1.00, 2.00, 0.00, NULL, NULL, NULL),
(112, '2023-03-10', 16, NULL, 8.50, NULL, 2, 1.00, 2.00, 0.00, NULL, NULL, NULL),
(113, '2024-03-07', 11, NULL, 8.50, NULL, 2, 1.00, 2.00, 0.00, NULL, NULL, NULL),
(114, '2024-03-14', 11, NULL, 8.50, NULL, 2, 1.00, 2.00, 0.00, NULL, NULL, NULL),
(115, '2024-03-14', 11, NULL, 8.50, NULL, 2, 1.00, 2.00, 0.00, NULL, NULL, NULL),
(116, '2024-03-07', 11, NULL, 8.50, NULL, 2, 1.00, 2.00, 0.00, NULL, NULL, NULL),
(117, '2024-03-14', 11, NULL, 8.50, NULL, 2, 1.00, 2.00, 0.00, NULL, NULL, NULL),
(118, '2024-03-22', 11, NULL, 8.50, NULL, 2, 1.00, 2.00, 0.00, NULL, NULL, NULL),
(119, '2024-03-21', 11, NULL, 8.50, NULL, 2, 1.00, 2.00, 0.00, NULL, NULL, NULL),
(120, '2024-03-21', 10, NULL, 8.50, NULL, 2, 1.00, 2.00, 0.00, NULL, NULL, NULL),
(121, '2024-03-30', 12, 'Mais de 10', 5.67, 'Pulverizar Químico', 6, 0.00, 1.00, 4.00, NULL, NULL, NULL),
(122, '2024-03-19', 22, 'De 1 a 5', 10.25, 'Pulverizar Água', 4, 0.00, 1.00, 2.00, NULL, NULL, NULL),
(123, '2024-03-21', 22, NULL, NULL, NULL, NULL, NULL, NULL, NULL, NULL, NULL, NULL),
(124, '2024-03-21', 22, 'De 1 a 5', 5.00, 'Pulverizar Água', 2, 0.00, 0.00, 1.00, NULL, NULL, NULL),
(125, '2024-03-29', 22, 'De 1 a 5', 0.67, 'Pulverizar Água', 6, 0.00, 0.00, 2.00, NULL, NULL, NULL),
(126, '2024-03-27', 22, 'Nada a fazer', 0.33, 'Nada a fazer', 3, 0.00, 0.00, 0.00, NULL, NULL, NULL),
(127, '2024-03-27', 22, 'Nada a fazer', 0.20, 'Nada a fazer', 5, 0.00, 0.00, 1.00, NULL, NULL, NULL),
(128, '2024-03-21', 22, 'De 1 a 5', 0.50, 'Pulverizar Água', 2, 0.00, 0.00, 1.00, NULL, NULL, NULL),
(129, '2024-03-27', 22, 'De 1 a 5', 0.50, 'Pulverizar Água', 2, 0.00, 0.00, 2.00, NULL, NULL, NULL),
(130, '2024-03-27', 22, 'De 1 a 5', 0.00, 'Pulverizar Água', 1, 0.00, 0.00, 1.00, NULL, NULL, NULL),
(131, '2024-03-28', 22, 'De 1 a 5', 0.00, 'Pulverizar Água', 1, 0.00, 0.00, 1.00, NULL, NULL, NULL),
(132, '2024-03-29', 22, 'De 1 a 5', 0.50, 'Pulverizar Água', 2, 0.00, 0.00, 1.00, NULL, NULL, NULL),
(133, '2024-03-28', 9, 'Nada a fazer', 10.00, 'Nada a fazer', 1, 0.00, 0.00, 0.00, NULL, NULL, NULL),
(134, '2024-03-29', 22, 'Mais de 10', 10.00, 'Pulverizar Químico', 1, 0.00, 1.00, 0.00, NULL, NULL, NULL),
(135, '2024-03-26', 47, NULL, NULL, NULL, NULL, NULL, NULL, NULL, NULL, NULL, NULL),
(136, '2024-03-26', 48, NULL, NULL, NULL, NULL, NULL, NULL, NULL, NULL, NULL, NULL),
(137, '2024-03-27', 48, NULL, NULL, NULL, NULL, NULL, NULL, NULL, NULL, NULL, NULL),
(138, '2024-03-27', 48, NULL, NULL, NULL, NULL, NULL, NULL, NULL, NULL, NULL, NULL),
(139, '2024-03-30', 48, NULL, NULL, NULL, NULL, NULL, NULL, NULL, NULL, NULL, NULL),
(140, '2024-03-31', 48, NULL, NULL, NULL, NULL, NULL, NULL, NULL, NULL, NULL, NULL),
(141, '2024-04-01', 48, 'De 1 a 5', 4.00, 'Pulverizar Água', 1, 0.00, 0.00, 100.00, 10.00, 10.00, 10.00),
(142, '2024-04-02', 48, NULL, NULL, NULL, NULL, NULL, NULL, NULL, NULL, NULL, NULL),
(143, '2024-04-03', 48, NULL, NULL, NULL, NULL, NULL, NULL, NULL, NULL, NULL, NULL),
(144, '2024-03-31', 47, 'Nada a fazer', 7.29, 'Nada a fazer', 7, 28.57, 28.57, 14.29, 0.00, 0.00, 0.00),
(145, '2024-04-04', 48, 'De 1 a 5', 3.60, 'Pulverizar Água', 5, 0.00, 20.00, 40.00, 0.00, 0.00, 0.00),
(146, '2024-04-03', 47, 'Mais de 10', 4.67, 'Pulverizar Químico', 6, 0.00, 33.33, 16.67, 16.67, 16.67, 16.67);

-- --------------------------------------------------------

--
-- Estrutura para tabela `Cultivo`
--

CREATE TABLE `Cultivo` (
  `id` bigint UNSIGNED NOT NULL,
  `dataIni` date NOT NULL,
  `dataFim` date DEFAULT NULL,
  `numPlantas` int NOT NULL,
  `area` int UNSIGNED NOT NULL,
  `talhao_id` bigint UNSIGNED NOT NULL,
  `tipoCultivar_id` bigint UNSIGNED NOT NULL,
  `nome` varchar(200) DEFAULT NULL,
  `forma` int DEFAULT NULL
) ENGINE=InnoDB DEFAULT CHARSET=utf8mb4 COLLATE=utf8mb4_0900_ai_ci;

--
-- Despejando dados para a tabela `Cultivo`
--

INSERT INTO `Cultivo` (`id`, `dataIni`, `dataFim`, `numPlantas`, `area`, `talhao_id`, `tipoCultivar_id`, `nome`, `forma`) VALUES
(9, '2024-01-16', NULL, 10, 10, 15, 1, 'Norte 1', NULL),
(10, '2024-01-10', NULL, 1000, 100, 15, 1, 'Centro Estufa', NULL),
(11, '2023-10-17', NULL, 25, 200, 15, 1, 'Brejo', NULL),
(12, '2024-01-18', NULL, 1000, 10, 15, 1, 'Estufa Sul', NULL),
(13, '2024-01-03', NULL, 10, 10, 17, 1, 'Alameda', NULL),
(15, '2024-02-08', NULL, 30000, 10000, 36, 1, 'Sul 2', NULL),
(16, '2024-02-07', NULL, 100000, 800, 37, 1, 'Sul 1', NULL),
(18, '2024-02-09', NULL, 250, 200, 39, 1, 'Nordeste', NULL),
(19, '2023-01-05', NULL, 250, 200, 23, 1, 'Rio', NULL),
(20, '2023-02-10', NULL, 150, 100, 36, 1, 'Rasteiro', NULL),
(21, '2022-02-11', NULL, 150, 60, 33, 1, 'Campo', NULL),
(22, '2024-03-19', NULL, 300, 1000, 47, 1, NULL, NULL),
(29, '2024-03-29', NULL, 100, 105, 47, 1, NULL, NULL),
(31, '2024-03-23', NULL, 750000, 1000, 52, 1, NULL, NULL),
(32, '2024-03-22', NULL, 45645, 600, 53, 1, NULL, NULL),
(33, '2024-03-24', NULL, 456546, 400, 53, 1, NULL, NULL),
(44, '2024-03-22', '2024-03-22', 125, 1500, 55, 1, NULL, NULL),
(46, '2024-03-22', '2024-03-23', 120, 1000, 55, 1, NULL, NULL),
(47, '2024-03-23', NULL, 100, 4000, 56, 1, NULL, NULL),
(48, '2024-03-26', NULL, 1000, 500, 56, 10, NULL, NULL);

-- --------------------------------------------------------

--
-- Estrutura para tabela `Decisao`
--

CREATE TABLE `Decisao` (
  `id` bigint UNSIGNED NOT NULL,
  `tipo` varchar(50) CHARACTER SET utf8mb4 COLLATE utf8mb4_0900_ai_ci NOT NULL,
  `data_Deci` date NOT NULL,
  `produto_id` bigint UNSIGNED DEFAULT NULL,
  `dosagem` varchar(50) DEFAULT NULL,
  `especie` varchar(100) DEFAULT NULL,
  `quantidade` int DEFAULT NULL,
  `volume` int DEFAULT NULL,
  `amostragem_id` bigint UNSIGNED NOT NULL
) ENGINE=InnoDB DEFAULT CHARSET=utf8mb4 COLLATE=utf8mb4_0900_ai_ci;

--
-- Despejando dados para a tabela `Decisao`
--

INSERT INTO `Decisao` (`id`, `tipo`, `data_Deci`, `produto_id`, `dosagem`, `especie`, `quantidade`, `volume`, `amostragem_id`) VALUES
(1, '1', '2024-01-22', NULL, NULL, NULL, NULL, NULL, 2),
(2, 'Nada a Fazer', '2024-01-23', NULL, '', '', 0, 0, 4),
(4, 'Controle Biológico', '2023-01-01', NULL, '', 'Macropilis', 20, 0, 2),
(6, 'Controle Biológico', '2024-02-29', 1, NULL, 'Macropilis', 20, NULL, 2),
(8, 'Controle Biológico', '2024-03-07', NULL, '', 'Californicus', 20, 0, 45),
(10, 'Controle Biológico', '2024-03-07', NULL, '', 'Californicus', 10, 0, 45),
(11, 'Controle Biológico', '2023-01-01', NULL, '', 'Macropilis', 20, 0, 45),
(12, '', '2023-01-01', NULL, '', '', 0, 0, 45),
(14, '', '2023-01-01', NULL, '', '', 0, 0, 25),
(15, '', '2023-01-01', NULL, '', '', 0, 0, 25),
(16, '', '2023-01-01', NULL, '', '', 0, 0, 25),
(17, 'Controle Biológico', '2024-03-07', NULL, '', 'Californicus', 10, 0, 45),
(18, '', '2023-01-01', NULL, '', '', 0, 0, 45),
(19, 'Controle Biológico', '2024-03-07', NULL, '', 'Macropilis', 100000, 0, 45),
(20, 'Controle Biológico', '2024-03-08', NULL, '', 'Macropilis', 10, 0, 113),
(21, 'Químico', '2024-03-22', 3, '200', '', 0, 0, 121),
(22, 'Químico', '2024-03-28', 8, '10', '', 0, 0, 146),
(23, 'Controle Biológico', '2024-03-27', NULL, '', 'Macropilis', 10, 0, 141);

-- --------------------------------------------------------

--
-- Estrutura para tabela `Foliolo`
--

CREATE TABLE `Foliolo` (
  `id` bigint UNSIGNED NOT NULL,
  `imgOrig` varchar(255) CHARACTER SET utf8mb4 COLLATE utf8mb4_0900_ai_ci DEFAULT NULL,
  `imgProc` varchar(255) CHARACTER SET utf8mb4 COLLATE utf8mb4_0900_ai_ci DEFAULT NULL,
  `qntRajado` int DEFAULT NULL,
  `qntMacropilis` int DEFAULT NULL,
  `qntCalifornicus` int DEFAULT NULL,
  `amostragem_id` bigint UNSIGNED DEFAULT NULL,
  `imgOigin` blob,
  `imgProces` blob
) ENGINE=InnoDB DEFAULT CHARSET=utf8mb4 COLLATE=utf8mb4_0900_ai_ci;

--
-- Despejando dados para a tabela `Foliolo`
--

INSERT INTO `Foliolo` (`id`, `imgOrig`, `imgProc`, `qntRajado`, `qntMacropilis`, `qntCalifornicus`, `amostragem_id`, `imgOigin`, `imgProces`) VALUES
(1, NULL, NULL, 10, 10, 10, 2, 0x7b2273697a65223a3137313936332c226e616d65223a22436170747572612064652054656c61202831292e706e67222c2275726c223a222f66696c65732f7369676e65642f70726f642d627564692d6170702d6173736574732f6170705f61396464623165653333383434346636626131313763666231336533333138652f6174746163686d656e74732f63306431623463382d393937642d343838392d616430632d3830306233613535343764632e706e673f582d416d7a2d416c676f726974686d3d415753342d484d41432d53484132353626582d416d7a2d43726564656e7469616c3d6533343132356238373563323432663961363233323463343935386331343835253246323032343031313825324675732d656173742d312532467333253246617773345f7265717565737426582d416d7a2d446174653d3230323430313138543232343335335a26582d416d7a2d457870697265733d3336303026582d416d7a2d5369676e61747572653d3439653336663437336266643634343735326633316261306439396661326231393631336139633331666663373363383438646134336634396333646237656626582d416d7a2d5369676e6564486561646572733d686f7374222c22657874656e73696f6e223a22706e67222c226b6579223a226170705f61396464623165653333383434346636626131313763666231336533333138652f6174746163686d656e74732f63306431623463382d393937642d343838392d616430632d3830306233613535343764632e706e67227d, NULL),
(2, NULL, NULL, 20, 30, 10, 2, 0x73, NULL),
(4, NULL, NULL, 30, 10, 20, 4, 0x61, NULL),
(5, 'img', 'imgP', 10, 5, 2, 13, NULL, NULL),
(6, 'img', 'imgP', 10, 5, 2, 13, NULL, NULL),
(7, NULL, NULL, 0, 15, 8, 3, NULL, NULL),
(8, NULL, NULL, 5, 5, 5, 3, NULL, NULL),
(9, NULL, NULL, 18, 25, 12, 5, NULL, NULL),
(10, NULL, NULL, 20, 10, 15, 5, NULL, NULL),
(11, NULL, NULL, 10, 8, 6, 6, NULL, NULL),
(12, NULL, NULL, 15, 20, 10, 6, NULL, NULL),
(13, NULL, NULL, 12, 12, 8, 7, NULL, NULL),
(14, NULL, NULL, 8, 10, 5, 7, NULL, NULL),
(15, NULL, NULL, 30, 20, 15, 8, NULL, NULL),
(16, NULL, NULL, 25, 30, 10, 8, NULL, NULL),
(17, NULL, NULL, 5, 5, 5, 9, NULL, NULL),
(18, NULL, NULL, 18, 25, 12, 9, NULL, NULL),
(19, NULL, NULL, 20, 10, 15, 10, NULL, NULL),
(20, NULL, NULL, 10, 8, 6, 10, NULL, NULL),
(21, NULL, NULL, 15, 20, 10, 11, NULL, NULL),
(22, NULL, NULL, 12, 12, 8, 11, NULL, NULL),
(23, NULL, NULL, 8, 10, 5, 12, NULL, NULL),
(24, NULL, NULL, 30, 20, 15, 12, NULL, NULL),
(25, NULL, NULL, 25, 30, 10, 13, NULL, NULL),
(26, NULL, NULL, 5, 5, 5, 13, NULL, NULL),
(27, NULL, NULL, 1, 1, 0, 3, NULL, NULL),
(28, NULL, NULL, 5, 0, 2, 3, NULL, NULL),
(29, NULL, NULL, 8, 2, 1, 5, NULL, NULL),
(30, NULL, NULL, 7, 0, 8, 5, NULL, NULL),
(31, NULL, NULL, 2, 1, 0, 6, NULL, NULL),
(32, NULL, NULL, 6, 2, 2, 6, NULL, NULL),
(33, NULL, NULL, 4, 0, 2, 7, NULL, NULL),
(34, NULL, NULL, 8, 1, 5, 7, NULL, NULL),
(35, NULL, NULL, 0, 2, 0, 8, NULL, NULL),
(36, NULL, NULL, 4, 1, 2, 8, NULL, NULL),
(37, NULL, NULL, 1, 0, 1, 9, NULL, NULL),
(38, NULL, NULL, 6, 2, 0, 9, NULL, NULL),
(39, NULL, NULL, 8, 0, 5, 10, NULL, NULL),
(40, NULL, NULL, 3, 1, 1, 10, NULL, NULL),
(41, NULL, NULL, 7, 0, 1, 11, NULL, NULL),
(42, NULL, NULL, 0, 2, 2, 11, NULL, NULL),
(43, NULL, NULL, 3, 1, 5, 12, NULL, NULL),
(44, NULL, NULL, 7, 0, 0, 12, NULL, NULL),
(45, NULL, NULL, 2, 1, 1, 13, NULL, NULL),
(46, NULL, NULL, 1, 2, 0, 13, NULL, NULL),
(47, NULL, NULL, 1, 2, 0, 3, NULL, NULL),
(48, NULL, NULL, 5, 1, 2, 3, NULL, NULL),
(49, NULL, NULL, 8, 0, 1, 5, NULL, NULL),
(50, NULL, NULL, 7, 2, 1, 5, NULL, NULL),
(51, NULL, NULL, 2, 0, 0, 6, NULL, NULL),
(52, NULL, NULL, 6, 1, 2, 6, NULL, NULL),
(53, NULL, NULL, 4, 0, 2, 7, NULL, NULL),
(54, NULL, NULL, 8, 2, 0, 7, NULL, NULL),
(55, NULL, NULL, 0, 1, 1, 8, NULL, NULL),
(56, NULL, NULL, 4, 0, 2, 8, NULL, NULL),
(57, NULL, NULL, 1, 2, 1, 9, NULL, NULL),
(58, NULL, NULL, 6, 0, 0, 9, NULL, NULL),
(59, NULL, NULL, 8, 1, 1, 10, NULL, NULL),
(60, NULL, NULL, 3, 2, 2, 10, NULL, NULL),
(61, NULL, NULL, 7, 0, 1, 11, NULL, NULL),
(62, NULL, NULL, 0, 1, 0, 11, NULL, NULL),
(63, NULL, NULL, 3, 2, 1, 12, NULL, NULL),
(64, NULL, NULL, 7, 0, 0, 12, NULL, NULL),
(65, NULL, NULL, 2, 1, 2, 13, NULL, NULL),
(66, NULL, NULL, 1, 2, 0, 13, NULL, NULL),
(67, NULL, NULL, 1, 2, 1, 3, NULL, NULL),
(68, NULL, NULL, 5, 1, 0, 3, NULL, NULL),
(69, NULL, NULL, 8, 0, 2, 5, NULL, NULL),
(70, NULL, NULL, 7, 2, 1, 5, NULL, NULL),
(71, NULL, NULL, 2, 0, 2, 6, NULL, NULL),
(72, NULL, NULL, 6, 1, 0, 6, NULL, NULL),
(73, NULL, NULL, 4, 0, 1, 7, NULL, NULL),
(74, NULL, NULL, 8, 2, 0, 7, NULL, NULL),
(75, NULL, NULL, 0, 1, 2, 8, NULL, NULL),
(76, NULL, NULL, 4, 0, 1, 8, NULL, NULL),
(77, NULL, NULL, 1, 2, 0, 9, NULL, NULL),
(78, NULL, NULL, 6, 0, 2, 9, NULL, NULL),
(79, NULL, NULL, 8, 1, 1, 10, NULL, NULL),
(80, NULL, NULL, 3, 2, 2, 10, NULL, NULL),
(81, NULL, NULL, 7, 0, 1, 11, NULL, NULL),
(82, NULL, NULL, 0, 1, 0, 11, NULL, NULL),
(83, NULL, NULL, 3, 2, 2, 12, NULL, NULL),
(84, NULL, NULL, 7, 0, 0, 12, NULL, NULL),
(85, NULL, NULL, 2, 1, 2, 13, NULL, NULL),
(86, NULL, NULL, 1, 2, 0, 13, NULL, NULL),
(87, NULL, NULL, 1, 2, 0, 3, NULL, NULL),
(88, NULL, NULL, 5, 1, 2, 3, NULL, NULL),
(89, NULL, NULL, 8, 0, 1, 5, NULL, NULL),
(90, NULL, NULL, 7, 2, 1, 5, NULL, NULL),
(91, NULL, NULL, 2, 0, 0, 6, NULL, NULL),
(92, NULL, NULL, 6, 1, 2, 6, NULL, NULL),
(93, NULL, NULL, 4, 0, 2, 7, NULL, NULL),
(94, NULL, NULL, 8, 2, 0, 7, NULL, NULL),
(95, NULL, NULL, 0, 1, 1, 8, NULL, NULL),
(96, NULL, NULL, 4, 0, 2, 8, NULL, NULL),
(97, NULL, NULL, 1, 2, 1, 9, NULL, NULL),
(98, NULL, NULL, 6, 0, 0, 9, NULL, NULL),
(99, NULL, NULL, 8, 1, 1, 10, NULL, NULL),
(100, NULL, NULL, 3, 2, 2, 10, NULL, NULL),
(101, NULL, NULL, 7, 0, 1, 11, NULL, NULL),
(102, NULL, NULL, 0, 1, 0, 11, NULL, NULL),
(103, NULL, NULL, 3, 2, 1, 12, NULL, NULL),
(104, NULL, NULL, 7, 0, 0, 12, NULL, NULL),
(105, NULL, NULL, 2, 1, 2, 13, NULL, NULL),
(106, NULL, NULL, 1, 2, 0, 13, NULL, NULL),
(107, NULL, NULL, 2, 1, 0, 14, NULL, NULL),
(108, NULL, NULL, 5, 2, 1, 14, NULL, NULL),
(109, NULL, NULL, 6, 0, 2, 15, NULL, NULL),
(110, NULL, NULL, 8, 1, 0, 15, NULL, NULL),
(111, NULL, NULL, 1, 0, 1, 16, NULL, NULL),
(112, NULL, NULL, 3, 2, 2, 16, NULL, NULL),
(113, NULL, NULL, 4, 1, 0, 17, NULL, NULL),
(114, NULL, NULL, 7, 0, 2, 17, NULL, NULL),
(115, NULL, NULL, 0, 2, 1, 18, NULL, NULL),
(116, NULL, NULL, 6, 1, 0, 18, NULL, NULL),
(117, NULL, NULL, 5, 0, 2, 19, NULL, NULL),
(118, NULL, NULL, 2, 1, 1, 19, NULL, NULL),
(119, NULL, NULL, 8, 2, 0, 20, NULL, NULL),
(120, NULL, NULL, 1, 0, 1, 20, NULL, NULL),
(121, NULL, NULL, 2, 1, 0, 53, NULL, NULL),
(122, NULL, NULL, 0, 2, 1, 53, NULL, NULL),
(123, NULL, NULL, 5, 0, 2, 54, NULL, NULL),
(124, NULL, NULL, 3, 2, 1, 54, NULL, NULL),
(125, NULL, NULL, 1, 0, 1, 55, NULL, NULL),
(126, NULL, NULL, 6, 1, 2, 55, NULL, NULL),
(127, NULL, NULL, 4, 2, 0, 56, NULL, NULL),
(128, NULL, NULL, 8, 0, 2, 56, NULL, NULL),
(129, NULL, NULL, 2, 1, 1, 57, NULL, NULL),
(130, NULL, NULL, 4, 0, 2, 57, NULL, NULL),
(131, NULL, NULL, 1, 2, 1, 58, NULL, NULL),
(132, NULL, NULL, 6, 0, 0, 58, NULL, NULL),
(133, NULL, NULL, 8, 1, 1, 59, NULL, NULL),
(134, NULL, NULL, 3, 2, 2, 59, NULL, NULL),
(135, NULL, NULL, 7, 0, 1, 60, NULL, NULL),
(136, NULL, NULL, 0, 1, 0, 60, NULL, NULL),
(137, NULL, NULL, 3, 2, 1, 61, NULL, NULL),
(138, NULL, NULL, 7, 0, 0, 61, NULL, NULL),
(139, NULL, NULL, 2, 1, 2, 62, NULL, NULL),
(140, NULL, NULL, 1, 2, 0, 62, NULL, NULL),
(141, NULL, NULL, 0, 1, 2, 53, NULL, NULL),
(142, NULL, NULL, 4, 0, 1, 53, NULL, NULL),
(143, NULL, NULL, 3, 2, 0, 54, NULL, NULL),
(144, NULL, NULL, 2, 1, 1, 54, NULL, NULL),
(145, NULL, NULL, 1, 2, 0, 55, NULL, NULL),
(146, NULL, NULL, 5, 0, 2, 55, NULL, NULL),
(147, NULL, NULL, 2, 1, 1, 56, NULL, NULL),
(148, NULL, NULL, 4, 0, 2, 56, NULL, NULL),
(149, NULL, NULL, 3, 2, 1, 57, NULL, NULL),
(150, NULL, NULL, 1, 2, 0, 57, NULL, NULL),
(151, NULL, NULL, 0, 1, 2, 58, NULL, NULL),
(152, NULL, NULL, 3, 0, 1, 58, NULL, NULL),
(153, NULL, NULL, 5, 1, 0, 59, NULL, NULL),
(154, NULL, NULL, 2, 2, 1, 59, NULL, NULL),
(155, NULL, NULL, 1, 0, 2, 60, NULL, NULL),
(156, NULL, NULL, 4, 1, 0, 60, NULL, NULL),
(157, NULL, NULL, 2, 0, 1, 61, NULL, NULL),
(158, NULL, NULL, 0, 2, 0, 61, NULL, NULL),
(159, NULL, NULL, 1, 2, 0, 62, NULL, NULL),
(160, NULL, NULL, 3, 0, 1, 62, NULL, NULL),
(161, NULL, NULL, 1, 1, 2, 53, NULL, NULL),
(162, NULL, NULL, 4, 0, 1, 54, NULL, NULL),
(163, NULL, NULL, 3, 2, 0, 54, NULL, NULL),
(164, NULL, NULL, 2, 1, 1, 55, NULL, NULL),
(165, NULL, NULL, 1, 2, 0, 56, NULL, NULL),
(166, NULL, NULL, 5, 0, 2, 56, NULL, NULL),
(167, NULL, NULL, 2, 1, 1, 57, NULL, NULL),
(168, NULL, NULL, 4, 0, 2, 57, NULL, NULL),
(169, NULL, NULL, 3, 2, 1, 58, NULL, NULL),
(170, NULL, NULL, 1, 2, 0, 58, NULL, NULL),
(171, NULL, NULL, 0, 1, 2, 59, NULL, NULL),
(172, NULL, NULL, 3, 0, 1, 59, NULL, NULL),
(173, NULL, NULL, 5, 1, 0, 60, NULL, NULL),
(174, NULL, NULL, 2, 2, 1, 60, NULL, NULL),
(175, NULL, NULL, 1, 0, 2, 61, NULL, NULL),
(176, NULL, NULL, 4, 1, 0, 61, NULL, NULL),
(177, NULL, NULL, 2, 0, 1, 62, NULL, NULL),
(178, NULL, NULL, 0, 2, 0, 62, NULL, NULL),
(179, NULL, NULL, 1, 2, 0, 53, NULL, NULL),
(180, NULL, NULL, 3, 0, 1, 54, NULL, NULL),
(181, NULL, NULL, 2, 1, 1, 55, NULL, NULL),
(182, NULL, NULL, 4, 0, 2, 56, NULL, NULL),
(183, NULL, NULL, 3, 2, 1, 57, NULL, NULL),
(184, NULL, NULL, 1, 2, 0, 58, NULL, NULL),
(185, NULL, NULL, 0, 1, 2, 59, NULL, NULL),
(186, NULL, NULL, 3, 0, 1, 60, NULL, NULL),
(187, NULL, NULL, 5, 1, 0, 61, NULL, NULL),
(188, NULL, NULL, 2, 2, 1, 62, NULL, NULL),
(189, NULL, NULL, 1, 0, 2, 53, NULL, NULL),
(190, NULL, NULL, 4, 1, 0, 54, NULL, NULL),
(191, NULL, NULL, 2, 0, 1, 55, NULL, NULL),
(192, NULL, NULL, 1, 2, 0, 56, NULL, NULL),
(193, NULL, NULL, 3, 0, 1, 57, NULL, NULL),
(194, NULL, NULL, 5, 1, 0, 58, NULL, NULL),
(195, NULL, NULL, 2, 2, 1, 59, NULL, NULL),
(196, NULL, NULL, 1, 0, 2, 60, NULL, NULL),
(197, NULL, NULL, 4, 1, 0, 61, NULL, NULL),
(198, NULL, NULL, 2, 0, 1, 62, NULL, NULL),
(199, NULL, NULL, 3, 2, 0, 53, NULL, NULL),
(200, NULL, NULL, 1, 1, 2, 54, NULL, NULL),
(201, NULL, NULL, 1, 2, 0, 63, NULL, NULL),
(202, NULL, NULL, 0, 1, 3, 63, NULL, NULL),
(203, NULL, NULL, 2, 0, 2, 64, NULL, NULL),
(204, NULL, NULL, 4, 1, 2, 64, NULL, NULL),
(205, NULL, NULL, 3, 2, 1, 65, NULL, NULL),
(206, NULL, NULL, 0, 0, 8, 65, NULL, NULL),
(207, NULL, NULL, 2, 1, 1, 66, NULL, NULL),
(208, NULL, NULL, 5, 3, 0, 66, NULL, NULL),
(209, NULL, NULL, 1, 2, 0, 67, NULL, NULL),
(210, NULL, NULL, 0, 1, 3, 67, NULL, NULL),
(211, NULL, NULL, 2, 0, 2, 68, NULL, NULL),
(212, NULL, NULL, 4, 1, 2, 68, NULL, NULL),
(213, NULL, NULL, 3, 2, 1, 69, NULL, NULL),
(214, NULL, NULL, 0, 0, 8, 69, NULL, NULL),
(215, NULL, NULL, 2, 1, 1, 70, NULL, NULL),
(216, NULL, NULL, 5, 3, 0, 70, NULL, NULL),
(217, NULL, NULL, 1, 2, 0, 71, NULL, NULL),
(218, NULL, NULL, 0, 1, 3, 71, NULL, NULL),
(219, NULL, NULL, 2, 0, 2, 72, NULL, NULL),
(220, NULL, NULL, 4, 1, 2, 72, NULL, NULL),
(221, NULL, NULL, 3, 1, 1, 63, NULL, NULL),
(222, NULL, NULL, 1, 2, 1, 63, NULL, NULL),
(223, NULL, NULL, 2, 0, 3, 64, NULL, NULL),
(224, NULL, NULL, 4, 2, 1, 64, NULL, NULL),
(225, NULL, NULL, 2, 3, 1, 65, NULL, NULL),
(226, NULL, NULL, 0, 1, 7, 65, NULL, NULL),
(227, NULL, NULL, 3, 1, 2, 66, NULL, NULL),
(228, NULL, NULL, 6, 4, 0, 66, NULL, NULL),
(229, NULL, NULL, 2, 3, 1, 67, NULL, NULL),
(230, NULL, NULL, 1, 2, 2, 67, NULL, NULL),
(231, NULL, NULL, 3, 1, 3, 68, NULL, NULL),
(232, NULL, NULL, 5, 2, 1, 68, NULL, NULL),
(233, NULL, NULL, 4, 3, 1, 69, NULL, NULL),
(234, NULL, NULL, 1, 0, 7, 69, NULL, NULL),
(235, NULL, NULL, 3, 2, 2, 70, NULL, NULL),
(236, NULL, NULL, 7, 3, 0, 70, NULL, NULL),
(237, NULL, NULL, 2, 2, 0, 71, NULL, NULL),
(238, NULL, NULL, 1, 1, 2, 71, NULL, NULL),
(239, NULL, NULL, 3, 0, 3, 72, NULL, NULL),
(240, NULL, NULL, 5, 2, 1, 72, NULL, NULL),
(261, NULL, NULL, 1, 1, 0, 63, NULL, NULL),
(262, NULL, NULL, 2, 0, 2, 63, NULL, NULL),
(263, NULL, NULL, 4, 2, 1, 64, NULL, NULL),
(264, NULL, NULL, 1, 1, 1, 64, NULL, NULL),
(265, NULL, NULL, 3, 1, 2, 65, NULL, NULL),
(266, NULL, NULL, 2, 2, 1, 65, NULL, NULL),
(267, NULL, NULL, 0, 1, 0, 66, NULL, NULL),
(268, NULL, NULL, 4, 0, 3, 66, NULL, NULL),
(269, NULL, NULL, 2, 2, 1, 67, NULL, NULL),
(270, NULL, NULL, 3, 1, 2, 67, NULL, NULL),
(271, NULL, NULL, 5, 1, 0, 68, NULL, NULL),
(272, NULL, NULL, 1, 2, 2, 68, NULL, NULL),
(273, NULL, NULL, 2, 3, 0, 69, NULL, NULL),
(274, NULL, NULL, 3, 1, 2, 69, NULL, NULL),
(275, NULL, NULL, 1, 0, 3, 70, NULL, NULL),
(276, NULL, NULL, 5, 2, 1, 70, NULL, NULL),
(277, NULL, NULL, 4, 2, 0, 71, NULL, NULL),
(278, NULL, NULL, 2, 1, 1, 71, NULL, NULL),
(279, NULL, NULL, 3, 2, 1, 72, NULL, NULL),
(280, NULL, NULL, 0, 1, 4, 72, NULL, NULL),
(281, NULL, NULL, 1, 2, 1, 63, NULL, NULL),
(282, NULL, NULL, 3, 0, 2, 63, NULL, NULL),
(283, NULL, NULL, 2, 1, 0, 64, NULL, NULL),
(284, NULL, NULL, 1, 2, 2, 64, NULL, NULL),
(285, NULL, NULL, 4, 1, 1, 65, NULL, NULL),
(286, NULL, NULL, 2, 3, 0, 65, NULL, NULL),
(287, NULL, NULL, 1, 0, 3, 66, NULL, NULL),
(288, NULL, NULL, 5, 1, 1, 66, NULL, NULL),
(289, NULL, NULL, 3, 2, 1, 67, NULL, NULL),
(290, NULL, NULL, 2, 1, 2, 67, NULL, NULL),
(291, NULL, NULL, 0, 2, 2, 68, NULL, NULL),
(292, NULL, NULL, 3, 1, 1, 68, NULL, NULL),
(293, NULL, NULL, 2, 3, 1, 69, NULL, NULL),
(294, NULL, NULL, 1, 2, 2, 69, NULL, NULL),
(295, NULL, NULL, 1, 1, 3, 70, NULL, NULL),
(296, NULL, NULL, 4, 1, 2, 70, NULL, NULL),
(297, NULL, NULL, 3, 2, 0, 71, NULL, NULL),
(298, NULL, NULL, 2, 1, 2, 71, NULL, NULL),
(299, NULL, NULL, 2, 3, 1, 72, NULL, NULL),
(300, NULL, NULL, 1, 0, 2, 72, NULL, NULL),
(301, NULL, NULL, 0, 2, 1, 63, NULL, NULL),
(302, NULL, NULL, 2, 1, 1, 63, NULL, NULL),
(303, NULL, NULL, 1, 0, 2, 64, NULL, NULL),
(304, NULL, NULL, 4, 2, 0, 64, NULL, NULL),
(305, NULL, NULL, 2, 1, 1, 65, NULL, NULL),
(306, NULL, NULL, 0, 3, 2, 65, NULL, NULL),
(307, NULL, NULL, 1, 2, 1, 66, NULL, NULL),
(308, NULL, NULL, 5, 1, 2, 66, NULL, NULL),
(309, NULL, NULL, 3, 0, 1, 67, NULL, NULL),
(310, NULL, NULL, 2, 1, 1, 67, NULL, NULL),
(311, NULL, NULL, 0, 2, 2, 68, NULL, NULL),
(312, NULL, NULL, 3, 1, 0, 68, NULL, NULL),
(313, NULL, NULL, 2, 3, 1, 69, NULL, NULL),
(314, NULL, NULL, 1, 2, 2, 69, NULL, NULL),
(315, NULL, NULL, 1, 1, 3, 70, NULL, NULL),
(316, NULL, NULL, 4, 1, 2, 70, NULL, NULL),
(317, NULL, NULL, 3, 2, 1, 71, NULL, NULL),
(318, NULL, NULL, 2, 1, 2, 71, NULL, NULL),
(319, NULL, NULL, 2, 3, 1, 72, NULL, NULL),
(320, NULL, NULL, 1, 0, 2, 72, NULL, NULL),
(321, NULL, NULL, 1, 0, 1, 63, NULL, NULL),
(322, NULL, NULL, 3, 1, 2, 64, NULL, NULL),
(323, NULL, NULL, 0, 1, 0, 65, NULL, NULL),
(324, NULL, NULL, 2, 0, 2, 66, NULL, NULL),
(325, NULL, NULL, 4, 1, 1, 67, NULL, NULL),
(326, NULL, NULL, 1, 0, 1, 68, NULL, NULL),
(327, NULL, NULL, 0, 1, 0, 69, NULL, NULL),
(328, NULL, NULL, 2, 0, 2, 70, NULL, NULL),
(329, NULL, NULL, 3, 1, 1, 71, NULL, NULL),
(330, NULL, NULL, 1, 0, 1, 72, NULL, NULL),
(331, NULL, NULL, 0, 1, 0, 73, NULL, NULL),
(332, NULL, NULL, 2, 0, 2, 74, NULL, NULL),
(333, NULL, NULL, 4, 1, 1, 75, NULL, NULL),
(334, NULL, NULL, 1, 0, 1, 76, NULL, NULL),
(335, NULL, NULL, 0, 1, 0, 77, NULL, NULL),
(336, NULL, NULL, 2, 0, 2, 78, NULL, NULL),
(337, NULL, NULL, 3, 1, 1, 79, NULL, NULL),
(338, NULL, NULL, 1, 0, 1, 80, NULL, NULL),
(339, NULL, NULL, 0, 1, 0, 81, NULL, NULL),
(340, NULL, NULL, 2, 0, 2, 82, NULL, NULL),
(341, NULL, NULL, 0, 1, 0, 73, NULL, NULL),
(342, NULL, NULL, 1, 0, 2, 73, NULL, NULL),
(343, NULL, NULL, 3, 2, 1, 74, NULL, NULL),
(344, NULL, NULL, 2, 1, 0, 74, NULL, NULL),
(345, NULL, NULL, 4, 0, 1, 75, NULL, NULL),
(346, NULL, NULL, 0, 2, 2, 75, NULL, NULL),
(347, NULL, NULL, 1, 1, 0, 76, NULL, NULL),
(348, NULL, NULL, 3, 0, 1, 76, NULL, NULL),
(349, NULL, NULL, 2, 2, 1, 77, NULL, NULL),
(350, NULL, NULL, 0, 0, 2, 77, NULL, NULL),
(351, NULL, NULL, 1, 0, 1, 78, NULL, NULL),
(352, NULL, NULL, 0, 1, 2, 78, NULL, NULL),
(353, NULL, NULL, 2, 1, 0, 79, NULL, NULL),
(354, NULL, NULL, 0, 2, 1, 79, NULL, NULL),
(355, NULL, NULL, 1, 0, 2, 80, NULL, NULL),
(356, NULL, NULL, 2, 1, 1, 80, NULL, NULL),
(357, NULL, NULL, 0, 2, 0, 81, NULL, NULL),
(358, NULL, NULL, 1, 1, 2, 81, NULL, NULL),
(359, NULL, NULL, 3, 0, 1, 82, NULL, NULL),
(360, NULL, NULL, 0, 2, 0, 82, NULL, NULL),
(361, NULL, NULL, 2, 1, 1, 73, NULL, NULL),
(362, NULL, NULL, 0, 0, 2, 73, NULL, NULL),
(363, NULL, NULL, 1, 1, 2, 74, NULL, NULL),
(364, NULL, NULL, 2, 0, 1, 74, NULL, NULL),
(365, NULL, NULL, 0, 2, 1, 75, NULL, NULL),
(366, NULL, NULL, 1, 0, 2, 75, NULL, NULL),
(367, NULL, NULL, 3, 0, 1, 76, NULL, NULL),
(368, NULL, NULL, 0, 1, 2, 76, NULL, NULL),
(369, NULL, NULL, 2, 1, 0, 77, NULL, NULL),
(370, NULL, NULL, 0, 2, 1, 77, NULL, NULL),
(371, NULL, NULL, 1, 0, 2, 78, NULL, NULL),
(372, NULL, NULL, 0, 1, 2, 78, NULL, NULL),
(373, NULL, NULL, 2, 1, 0, 79, NULL, NULL),
(374, NULL, NULL, 0, 2, 1, 79, NULL, NULL),
(375, NULL, NULL, 1, 0, 2, 80, NULL, NULL),
(376, NULL, NULL, 2, 1, 1, 80, NULL, NULL),
(377, NULL, NULL, 0, 2, 0, 81, NULL, NULL),
(378, NULL, NULL, 1, 1, 2, 81, NULL, NULL),
(379, NULL, NULL, 3, 0, 1, 82, NULL, NULL),
(380, NULL, NULL, 0, 2, 0, 82, NULL, NULL),
(381, NULL, NULL, 2, 1, 1, 73, NULL, NULL),
(382, NULL, NULL, 0, 0, 2, 73, NULL, NULL),
(383, NULL, NULL, 1, 1, 2, 74, NULL, NULL),
(384, NULL, NULL, 2, 0, 1, 74, NULL, NULL),
(385, NULL, NULL, 0, 2, 1, 75, NULL, NULL),
(386, NULL, NULL, 1, 0, 2, 75, NULL, NULL),
(387, NULL, NULL, 3, 0, 1, 76, NULL, NULL),
(388, NULL, NULL, 0, 1, 2, 76, NULL, NULL),
(389, NULL, NULL, 2, 1, 0, 77, NULL, NULL),
(390, NULL, NULL, 0, 2, 1, 77, NULL, NULL),
(391, NULL, NULL, 1, 0, 2, 78, NULL, NULL),
(392, NULL, NULL, 0, 1, 2, 78, NULL, NULL),
(393, NULL, NULL, 2, 1, 0, 79, NULL, NULL),
(394, NULL, NULL, 0, 2, 1, 79, NULL, NULL),
(395, NULL, NULL, 1, 0, 2, 80, NULL, NULL),
(396, NULL, NULL, 2, 1, 1, 80, NULL, NULL),
(397, NULL, NULL, 0, 2, 0, 81, NULL, NULL),
(398, NULL, NULL, 1, 1, 2, 81, NULL, NULL),
(399, NULL, NULL, 3, 0, 1, 82, NULL, NULL),
(400, NULL, NULL, 0, 2, 0, 82, NULL, NULL),
(401, NULL, NULL, 1, 0, 2, 73, NULL, NULL),
(402, NULL, NULL, 3, 2, 1, 73, NULL, NULL),
(403, NULL, NULL, 2, 1, 0, 74, NULL, NULL),
(404, NULL, NULL, 4, 0, 1, 74, NULL, NULL),
(405, NULL, NULL, 0, 2, 2, 75, NULL, NULL),
(406, NULL, NULL, 1, 1, 0, 75, NULL, NULL),
(407, NULL, NULL, 3, 0, 1, 76, NULL, NULL),
(408, NULL, NULL, 2, 2, 1, 76, NULL, NULL),
(409, NULL, NULL, 0, 0, 2, 77, NULL, NULL),
(410, NULL, NULL, 1, 0, 1, 77, NULL, NULL),
(411, NULL, NULL, 0, 1, 2, 78, NULL, NULL),
(412, NULL, NULL, 2, 1, 0, 78, NULL, NULL),
(413, NULL, NULL, 0, 2, 1, 79, NULL, NULL),
(414, NULL, NULL, 1, 0, 2, 79, NULL, NULL),
(415, NULL, NULL, 2, 1, 1, 80, NULL, NULL),
(416, NULL, NULL, 0, 2, 0, 80, NULL, NULL),
(417, NULL, NULL, 1, 1, 2, 81, NULL, NULL),
(418, NULL, NULL, 3, 0, 1, 81, NULL, NULL),
(419, NULL, NULL, 0, 1, 2, 82, NULL, NULL),
(420, NULL, NULL, 2, 1, 0, 82, NULL, NULL),
(421, NULL, NULL, 1, 0, 2, 73, NULL, NULL),
(422, NULL, NULL, 2, 0, 1, 73, NULL, NULL),
(423, NULL, NULL, 0, 2, 1, 74, NULL, NULL),
(424, NULL, NULL, 1, 0, 2, 74, NULL, NULL),
(425, NULL, NULL, 3, 0, 1, 75, NULL, NULL),
(426, NULL, NULL, 0, 1, 2, 75, NULL, NULL),
(427, NULL, NULL, 2, 1, 0, 76, NULL, NULL),
(428, NULL, NULL, 0, 2, 1, 76, NULL, NULL),
(429, NULL, NULL, 1, 0, 2, 77, NULL, NULL),
(430, NULL, NULL, 0, 1, 2, 77, NULL, NULL),
(431, NULL, NULL, 2, 1, 0, 78, NULL, NULL),
(432, NULL, NULL, 0, 2, 1, 78, NULL, NULL),
(433, NULL, NULL, 1, 0, 2, 79, NULL, NULL),
(434, NULL, NULL, 2, 1, 1, 79, NULL, NULL),
(435, NULL, NULL, 0, 2, 0, 80, NULL, NULL),
(436, NULL, NULL, 1, 1, 2, 80, NULL, NULL),
(437, NULL, NULL, 3, 0, 1, 81, NULL, NULL),
(438, NULL, NULL, 0, 2, 0, 81, NULL, NULL),
(439, NULL, NULL, 2, 1, 1, 82, NULL, NULL),
(440, NULL, NULL, 0, 0, 2, 82, NULL, NULL),
(441, NULL, NULL, 1, 1, 2, 73, NULL, NULL),
(442, NULL, NULL, 2, 0, 1, 73, NULL, NULL),
(443, NULL, NULL, 0, 2, 1, 74, NULL, NULL),
(444, NULL, NULL, 1, 0, 2, 74, NULL, NULL),
(445, NULL, NULL, 3, 0, 1, 75, NULL, NULL),
(446, NULL, NULL, 0, 1, 2, 75, NULL, NULL),
(447, NULL, NULL, 2, 1, 0, 76, NULL, NULL),
(448, NULL, NULL, 0, 2, 1, 76, NULL, NULL),
(449, NULL, NULL, 1, 0, 2, 77, NULL, NULL),
(450, NULL, NULL, 0, 1, 2, 77, NULL, NULL),
(451, NULL, NULL, 2, 1, 0, 78, NULL, NULL),
(452, NULL, NULL, 0, 2, 1, 78, NULL, NULL),
(453, NULL, NULL, 1, 0, 2, 79, NULL, NULL),
(454, NULL, NULL, 2, 1, 1, 79, NULL, NULL),
(455, NULL, NULL, 0, 2, 0, 80, NULL, NULL),
(456, NULL, NULL, 1, 1, 2, 80, NULL, NULL),
(457, NULL, NULL, 3, 0, 1, 81, NULL, NULL),
(458, NULL, NULL, 0, 2, 0, 81, NULL, NULL),
(459, NULL, NULL, 2, 1, 1, 82, NULL, NULL),
(460, NULL, NULL, 0, 0, 2, 82, NULL, NULL),
(461, NULL, NULL, 10, 0, 0, 83, NULL, NULL),
(462, NULL, NULL, 13, 1, 0, 83, NULL, NULL),
(463, NULL, NULL, 12, 0, 1, 83, NULL, NULL),
(464, NULL, NULL, 8, 1, 1, 84, NULL, NULL),
(465, NULL, NULL, 15, 0, 0, 84, NULL, NULL),
(466, NULL, NULL, 10, 1, 0, 84, NULL, NULL),
(467, NULL, NULL, 14, 0, 1, 85, NULL, NULL),
(468, NULL, NULL, 9, 1, 1, 85, NULL, NULL),
(469, NULL, NULL, 11, 0, 0, 85, NULL, NULL),
(470, NULL, NULL, 10, 1, 0, 86, NULL, NULL),
(471, NULL, NULL, 13, 0, 1, 86, NULL, NULL),
(472, NULL, NULL, 9, 1, 1, 86, NULL, NULL),
(473, NULL, NULL, 11, 0, 0, 87, NULL, NULL),
(474, NULL, NULL, 14, 1, 0, 87, NULL, NULL),
(475, NULL, NULL, 12, 0, 1, 87, NULL, NULL),
(476, NULL, NULL, 8, 1, 1, 88, NULL, NULL),
(477, NULL, NULL, 15, 0, 0, 88, NULL, NULL),
(478, NULL, NULL, 10, 1, 0, 88, NULL, NULL),
(479, NULL, NULL, 14, 0, 1, 89, NULL, NULL),
(480, NULL, NULL, 9, 1, 1, 89, NULL, NULL),
(481, NULL, NULL, 11, 0, 0, 89, NULL, NULL),
(482, NULL, NULL, 10, 1, 0, 90, NULL, NULL),
(483, NULL, NULL, 13, 0, 1, 90, NULL, NULL),
(484, NULL, NULL, 9, 1, 1, 90, NULL, NULL),
(485, NULL, NULL, 11, 0, 0, 91, NULL, NULL),
(486, NULL, NULL, 14, 1, 0, 91, NULL, NULL),
(487, NULL, NULL, 12, 0, 1, 91, NULL, NULL),
(488, NULL, NULL, 8, 1, 1, 92, NULL, NULL),
(489, NULL, NULL, 15, 0, 0, 92, NULL, NULL),
(490, NULL, NULL, 10, 1, 0, 92, NULL, NULL),
(491, NULL, NULL, 13, 0, 1, 83, NULL, NULL),
(492, NULL, NULL, 12, 0, 0, 84, NULL, NULL),
(493, NULL, NULL, 8, 1, 0, 85, NULL, NULL),
(494, NULL, NULL, 15, 1, 1, 86, NULL, NULL),
(495, NULL, NULL, 11, 0, 0, 87, NULL, NULL),
(496, NULL, NULL, 14, 0, 1, 88, NULL, NULL),
(497, NULL, NULL, 9, 1, 1, 89, NULL, NULL),
(498, NULL, NULL, 10, 0, 0, 90, NULL, NULL),
(499, NULL, NULL, 13, 1, 0, 91, NULL, NULL),
(500, NULL, NULL, 12, 0, 1, 92, NULL, NULL),
(501, NULL, NULL, 10, 1, 0, 83, NULL, NULL),
(502, NULL, NULL, 13, 0, 1, 83, NULL, NULL),
(503, NULL, NULL, 12, 1, 1, 83, NULL, NULL),
(504, NULL, NULL, 8, 0, 0, 84, NULL, NULL),
(505, NULL, NULL, 15, 1, 0, 84, NULL, NULL),
(506, NULL, NULL, 10, 0, 1, 84, NULL, NULL),
(507, NULL, NULL, 14, 1, 1, 85, NULL, NULL),
(508, NULL, NULL, 9, 0, 0, 85, NULL, NULL),
(509, NULL, NULL, 11, 1, 0, 85, NULL, NULL),
(510, NULL, NULL, 10, 0, 1, 86, NULL, NULL),
(511, NULL, NULL, 13, 1, 1, 86, NULL, NULL),
(512, NULL, NULL, 9, 0, 0, 86, NULL, NULL),
(513, NULL, NULL, 11, 1, 0, 87, NULL, NULL),
(514, NULL, NULL, 14, 0, 1, 87, NULL, NULL),
(515, NULL, NULL, 12, 1, 1, 87, NULL, NULL),
(516, NULL, NULL, 8, 0, 0, 88, NULL, NULL),
(517, NULL, NULL, 15, 1, 0, 88, NULL, NULL),
(518, NULL, NULL, 10, 0, 1, 88, NULL, NULL),
(519, NULL, NULL, 14, 1, 1, 89, NULL, NULL),
(520, NULL, NULL, 9, 0, 0, 89, NULL, NULL),
(521, NULL, NULL, 11, 1, 0, 89, NULL, NULL),
(522, NULL, NULL, 10, 0, 1, 90, NULL, NULL),
(523, NULL, NULL, 13, 1, 1, 90, NULL, NULL),
(524, NULL, NULL, 9, 0, 0, 90, NULL, NULL),
(525, NULL, NULL, 11, 1, 0, 91, NULL, NULL),
(526, NULL, NULL, 14, 0, 1, 91, NULL, NULL),
(527, NULL, NULL, 12, 1, 1, 91, NULL, NULL),
(528, NULL, NULL, 8, 0, 0, 92, NULL, NULL),
(529, NULL, NULL, 15, 1, 0, 92, NULL, NULL),
(530, NULL, NULL, 10, 0, 1, 92, NULL, NULL),
(531, NULL, NULL, 13, 0, 1, 83, NULL, NULL),
(532, NULL, NULL, 12, 0, 0, 84, NULL, NULL),
(533, NULL, NULL, 8, 1, 0, 85, NULL, NULL),
(534, NULL, NULL, 15, 1, 1, 86, NULL, NULL),
(535, NULL, NULL, 11, 0, 0, 87, NULL, NULL),
(536, NULL, NULL, 14, 0, 1, 88, NULL, NULL),
(537, NULL, NULL, 9, 1, 1, 89, NULL, NULL),
(538, NULL, NULL, 10, 0, 0, 90, NULL, NULL),
(539, NULL, NULL, 13, 1, 0, 91, NULL, NULL),
(540, NULL, NULL, 12, 0, 1, 92, NULL, NULL),
(541, NULL, NULL, 14, 1, 1, 83, NULL, NULL),
(542, NULL, NULL, 9, 0, 0, 84, NULL, NULL),
(543, NULL, NULL, 11, 1, 0, 85, NULL, NULL),
(544, NULL, NULL, 10, 0, 1, 86, NULL, NULL),
(545, NULL, NULL, 13, 1, 1, 87, NULL, NULL),
(546, NULL, NULL, 9, 0, 0, 88, NULL, NULL),
(547, NULL, NULL, 11, 1, 0, 89, NULL, NULL),
(548, NULL, NULL, 14, 0, 1, 90, NULL, NULL),
(549, NULL, NULL, 12, 1, 1, 91, NULL, NULL),
(550, NULL, NULL, 8, 0, 0, 92, NULL, NULL),
(551, NULL, NULL, 0, 0, 0, 93, NULL, NULL),
(552, NULL, NULL, 0, 0, 0, 93, NULL, NULL),
(553, NULL, NULL, 0, 0, 0, 93, NULL, NULL),
(554, NULL, NULL, 0, 0, 0, 94, NULL, NULL),
(555, NULL, NULL, 0, 0, 0, 94, NULL, NULL),
(556, NULL, NULL, 0, 0, 0, 94, NULL, NULL),
(557, NULL, NULL, 0, 0, 0, 95, NULL, NULL),
(558, NULL, NULL, 0, 0, 0, 95, NULL, NULL),
(559, NULL, NULL, 0, 0, 0, 95, NULL, NULL),
(560, NULL, NULL, 0, 0, 0, 96, NULL, NULL),
(561, NULL, NULL, 0, 0, 0, 96, NULL, NULL),
(562, NULL, NULL, 0, 0, 0, 96, NULL, NULL),
(563, NULL, NULL, 0, 0, 0, 97, NULL, NULL),
(564, NULL, NULL, 0, 0, 0, 97, NULL, NULL),
(565, NULL, NULL, 0, 0, 0, 97, NULL, NULL),
(566, NULL, NULL, 0, 0, 0, 98, NULL, NULL),
(567, NULL, NULL, 0, 0, 0, 98, NULL, NULL),
(568, NULL, NULL, 0, 0, 0, 98, NULL, NULL),
(569, NULL, NULL, 0, 0, 0, 99, NULL, NULL),
(570, NULL, NULL, 0, 0, 0, 99, NULL, NULL),
(571, NULL, NULL, 0, 0, 0, 99, NULL, NULL),
(572, NULL, NULL, 0, 0, 0, 100, NULL, NULL),
(573, NULL, NULL, 0, 0, 0, 100, NULL, NULL),
(574, NULL, NULL, 0, 0, 0, 100, NULL, NULL),
(575, NULL, NULL, 0, 0, 0, 101, NULL, NULL),
(576, NULL, NULL, 0, 0, 0, 101, NULL, NULL),
(577, NULL, NULL, 0, 0, 0, 101, NULL, NULL),
(578, NULL, NULL, 0, 0, 0, 102, NULL, NULL),
(579, NULL, NULL, 0, 0, 0, 102, NULL, NULL),
(580, NULL, NULL, 0, 0, 0, 102, NULL, NULL),
(581, NULL, NULL, 0, 0, 0, 93, NULL, NULL),
(582, NULL, NULL, 0, 0, 0, 93, NULL, NULL),
(583, NULL, NULL, 0, 0, 0, 93, NULL, NULL),
(584, NULL, NULL, 0, 0, 0, 94, NULL, NULL),
(585, NULL, NULL, 0, 0, 0, 94, NULL, NULL),
(586, NULL, NULL, 0, 0, 0, 94, NULL, NULL),
(587, NULL, NULL, 0, 0, 0, 95, NULL, NULL),
(588, NULL, NULL, 0, 0, 0, 95, NULL, NULL),
(589, NULL, NULL, 0, 0, 0, 95, NULL, NULL),
(590, NULL, NULL, 0, 0, 0, 96, NULL, NULL),
(591, NULL, NULL, 0, 0, 0, 96, NULL, NULL),
(592, NULL, NULL, 0, 0, 0, 96, NULL, NULL),
(593, NULL, NULL, 0, 0, 0, 97, NULL, NULL),
(594, NULL, NULL, 0, 0, 0, 97, NULL, NULL),
(595, NULL, NULL, 0, 0, 0, 97, NULL, NULL),
(596, NULL, NULL, 0, 0, 0, 98, NULL, NULL),
(597, NULL, NULL, 0, 0, 0, 98, NULL, NULL),
(598, NULL, NULL, 0, 0, 0, 98, NULL, NULL),
(599, NULL, NULL, 0, 0, 0, 99, NULL, NULL),
(600, NULL, NULL, 0, 0, 0, 99, NULL, NULL),
(601, NULL, NULL, 0, 0, 0, 99, NULL, NULL),
(602, NULL, NULL, 0, 0, 0, 100, NULL, NULL),
(603, NULL, NULL, 0, 0, 0, 100, NULL, NULL),
(604, NULL, NULL, 0, 0, 0, 100, NULL, NULL),
(605, NULL, NULL, 0, 0, 0, 101, NULL, NULL),
(606, NULL, NULL, 0, 0, 0, 101, NULL, NULL),
(607, NULL, NULL, 0, 0, 0, 101, NULL, NULL),
(608, NULL, NULL, 0, 0, 0, 102, NULL, NULL),
(609, NULL, NULL, 0, 0, 0, 102, NULL, NULL),
(610, NULL, NULL, 0, 0, 0, 102, NULL, NULL),
(611, NULL, NULL, 0, 0, 0, 93, NULL, NULL),
(612, NULL, NULL, 0, 0, 0, 93, NULL, NULL),
(613, NULL, NULL, 0, 0, 0, 93, NULL, NULL),
(614, NULL, NULL, 0, 0, 0, 94, NULL, NULL),
(615, NULL, NULL, 0, 0, 0, 94, NULL, NULL),
(616, NULL, NULL, 0, 0, 0, 94, NULL, NULL),
(617, NULL, NULL, 0, 0, 0, 95, NULL, NULL),
(618, NULL, NULL, 0, 0, 0, 95, NULL, NULL),
(619, NULL, NULL, 0, 0, 0, 95, NULL, NULL),
(620, NULL, NULL, 0, 0, 0, 96, NULL, NULL),
(621, NULL, NULL, 0, 0, 0, 96, NULL, NULL),
(622, NULL, NULL, 0, 0, 0, 96, NULL, NULL),
(623, NULL, NULL, 0, 0, 0, 97, NULL, NULL),
(624, NULL, NULL, 0, 0, 0, 97, NULL, NULL),
(625, NULL, NULL, 0, 0, 0, 97, NULL, NULL),
(626, NULL, NULL, 0, 0, 0, 98, NULL, NULL),
(627, NULL, NULL, 0, 0, 0, 98, NULL, NULL),
(628, NULL, NULL, 0, 0, 0, 98, NULL, NULL),
(629, NULL, NULL, 0, 0, 0, 99, NULL, NULL),
(630, NULL, NULL, 0, 0, 0, 99, NULL, NULL),
(631, NULL, NULL, 0, 0, 0, 99, NULL, NULL),
(632, NULL, NULL, 0, 0, 0, 100, NULL, NULL),
(633, NULL, NULL, 0, 0, 0, 100, NULL, NULL),
(634, NULL, NULL, 0, 0, 0, 100, NULL, NULL),
(635, NULL, NULL, 0, 0, 0, 101, NULL, NULL),
(636, NULL, NULL, 0, 0, 0, 101, NULL, NULL),
(637, NULL, NULL, 0, 0, 0, 101, NULL, NULL),
(638, NULL, NULL, 0, 0, 0, 102, NULL, NULL),
(639, NULL, NULL, 0, 0, 0, 102, NULL, NULL),
(640, NULL, NULL, 0, 0, 0, 102, NULL, NULL),
(641, NULL, NULL, 4, 0, 0, 103, NULL, NULL),
(642, NULL, NULL, 5, 0, 0, 103, NULL, NULL),
(643, NULL, NULL, 5, 0, 0, 104, NULL, NULL),
(644, NULL, NULL, 4, 0, 0, 104, NULL, NULL),
(645, NULL, NULL, 5, 0, 0, 105, NULL, NULL),
(646, NULL, NULL, 4, 0, 0, 105, NULL, NULL),
(647, NULL, NULL, 5, 1, 0, 106, NULL, NULL),
(648, NULL, NULL, 4, 0, 0, 106, NULL, NULL),
(649, NULL, NULL, 5, 0, 0, 107, NULL, NULL),
(650, NULL, NULL, 4, 0, 0, 107, NULL, NULL),
(651, NULL, NULL, 5, 0, 0, 108, NULL, NULL),
(652, NULL, NULL, 4, 0, 0, 108, NULL, NULL),
(653, NULL, NULL, 5, 0, 0, 109, NULL, NULL),
(654, NULL, NULL, 4, 0, 0, 109, NULL, NULL),
(655, NULL, NULL, 5, 0, 0, 110, NULL, NULL),
(656, NULL, NULL, 4, 0, 0, 110, NULL, NULL),
(657, NULL, NULL, 5, 0, 0, 111, NULL, NULL),
(658, NULL, NULL, 4, 0, 0, 111, NULL, NULL),
(659, NULL, NULL, 5, 0, 0, 112, NULL, NULL),
(660, NULL, NULL, 4, 0, 0, 103, NULL, NULL),
(661, NULL, NULL, 5, 0, 0, 103, NULL, NULL),
(662, NULL, NULL, 5, 0, 0, 104, NULL, NULL),
(663, NULL, NULL, 4, 0, 0, 104, NULL, NULL),
(664, NULL, NULL, 5, 0, 0, 105, NULL, NULL),
(665, NULL, NULL, 4, 0, 0, 105, NULL, NULL),
(666, NULL, NULL, 5, 1, 0, 106, NULL, NULL),
(667, NULL, NULL, 4, 0, 0, 106, NULL, NULL),
(668, NULL, NULL, 5, 0, 0, 107, NULL, NULL),
(669, NULL, NULL, 4, 0, 0, 107, NULL, NULL),
(670, NULL, NULL, 5, 0, 0, 108, NULL, NULL),
(671, NULL, NULL, 4, 0, 0, 108, NULL, NULL),
(672, NULL, NULL, 5, 0, 0, 109, NULL, NULL),
(673, NULL, NULL, 4, 0, 0, 109, NULL, NULL),
(674, NULL, NULL, 5, 0, 0, 110, NULL, NULL),
(675, NULL, NULL, 4, 0, 0, 110, NULL, NULL),
(676, NULL, NULL, 5, 0, 0, 111, NULL, NULL),
(677, NULL, NULL, 4, 0, 0, 111, NULL, NULL),
(678, NULL, NULL, 5, 0, 0, 112, NULL, NULL),
(679, NULL, NULL, 4, 0, 0, 103, NULL, NULL),
(680, NULL, NULL, 5, 0, 0, 103, NULL, NULL),
(681, NULL, NULL, 5, 0, 0, 104, NULL, NULL),
(682, NULL, NULL, 4, 0, 0, 104, NULL, NULL),
(683, NULL, NULL, 5, 0, 0, 105, NULL, NULL),
(684, NULL, NULL, 4, 0, 0, 105, NULL, NULL),
(685, NULL, NULL, 5, 1, 0, 106, NULL, NULL),
(686, NULL, NULL, 4, 0, 0, 106, NULL, NULL),
(687, NULL, NULL, 5, 0, 0, 107, NULL, NULL),
(688, NULL, NULL, 4, 0, 0, 107, NULL, NULL),
(689, NULL, NULL, 5, 0, 0, 108, NULL, NULL),
(690, NULL, NULL, 4, 0, 0, 108, NULL, NULL),
(691, NULL, NULL, 5, 0, 0, 109, NULL, NULL),
(692, NULL, NULL, 4, 0, 0, 109, NULL, NULL),
(693, NULL, NULL, 5, 0, 0, 110, NULL, NULL),
(694, NULL, NULL, 4, 0, 0, 110, NULL, NULL),
(695, NULL, NULL, 5, 0, 0, 111, NULL, NULL),
(696, NULL, NULL, 4, 0, 0, 111, NULL, NULL),
(697, NULL, NULL, 5, 0, 0, 112, NULL, NULL),
(698, NULL, NULL, 4, 0, 0, 103, NULL, NULL),
(699, NULL, NULL, 5, 0, 0, 103, NULL, NULL),
(700, NULL, NULL, 5, 0, 0, 104, NULL, NULL),
(701, NULL, NULL, 4, 0, 0, 104, NULL, NULL),
(702, NULL, NULL, 5, 0, 0, 105, NULL, NULL),
(703, NULL, NULL, 4, 0, 0, 105, NULL, NULL),
(704, NULL, NULL, 5, 1, 0, 106, NULL, NULL),
(705, NULL, NULL, 4, 0, 0, 106, NULL, NULL),
(706, NULL, NULL, 5, 0, 0, 107, NULL, NULL),
(707, NULL, NULL, 4, 0, 0, 107, NULL, NULL),
(708, NULL, NULL, 5, 0, 0, 108, NULL, NULL),
(709, NULL, NULL, 4, 0, 0, 108, NULL, NULL),
(710, NULL, NULL, 5, 0, 0, 109, NULL, NULL),
(711, NULL, NULL, 4, 0, 0, 109, NULL, NULL),
(712, NULL, NULL, 5, 0, 0, 110, NULL, NULL),
(713, NULL, NULL, 4, 0, 0, 110, NULL, NULL),
(714, NULL, NULL, 5, 0, 0, 111, NULL, NULL),
(715, NULL, NULL, 4, 0, 0, 111, NULL, NULL),
(716, NULL, NULL, 5, 0, 0, 112, NULL, NULL),
(739, NULL, NULL, 3, 0, 1, 103, NULL, NULL),
(740, NULL, NULL, 2, 1, 1, 103, NULL, NULL),
(741, NULL, NULL, 1, 0, 0, 104, NULL, NULL),
(742, NULL, NULL, 2, 1, 1, 104, NULL, NULL),
(743, NULL, NULL, 2, 0, 1, 105, NULL, NULL),
(744, NULL, NULL, 2, 1, 1, 105, NULL, NULL),
(745, NULL, NULL, 8, 0, 1, 106, NULL, NULL),
(746, NULL, NULL, 2, 1, 1, 106, NULL, NULL),
(747, NULL, NULL, 2, 0, 1, 107, NULL, NULL),
(748, NULL, NULL, 2, 1, 1, 107, NULL, NULL),
(749, NULL, NULL, 2, 0, 1, 108, NULL, NULL),
(750, NULL, NULL, 2, 1, 1, 108, NULL, NULL),
(751, NULL, NULL, 8, 0, 1, 109, NULL, NULL),
(752, NULL, NULL, 2, 1, 1, 109, NULL, NULL),
(753, NULL, NULL, 8, 0, 1, 110, NULL, NULL),
(754, NULL, NULL, 2, 1, 1, 110, NULL, NULL),
(755, NULL, NULL, 2, 0, 1, 111, NULL, NULL),
(756, NULL, NULL, 2, 1, 1, 111, NULL, NULL),
(757, NULL, NULL, 2, 0, 1, 112, NULL, NULL),
(758, NULL, NULL, 8, 1, 1, 112, NULL, NULL),
(759, NULL, NULL, 3, 0, 1, 103, NULL, NULL),
(760, NULL, NULL, 2, 1, 1, 103, NULL, NULL),
(761, NULL, NULL, 1, 0, 1, 104, NULL, NULL),
(762, NULL, NULL, 2, 1, 1, 104, NULL, NULL),
(763, NULL, NULL, 2, 0, 1, 105, NULL, NULL),
(764, NULL, NULL, 2, 1, 1, 105, NULL, NULL),
(765, NULL, NULL, 2, 0, 0, 106, NULL, NULL),
(766, NULL, NULL, 4, 1, 1, 106, NULL, NULL),
(767, NULL, NULL, 2, 0, 0, 107, NULL, NULL),
(768, NULL, NULL, 4, 1, 1, 107, NULL, NULL),
(769, NULL, NULL, 2, 0, 0, 108, NULL, NULL),
(770, NULL, NULL, 2, 1, 0, 108, NULL, NULL),
(771, NULL, NULL, 4, 0, 1, 109, NULL, NULL),
(772, NULL, NULL, 2, 1, 0, 109, NULL, NULL),
(773, NULL, NULL, 2, 0, 1, 110, NULL, NULL),
(774, NULL, NULL, 2, 1, 0, 110, NULL, NULL),
(775, NULL, NULL, 4, 0, 1, 111, NULL, NULL),
(776, NULL, NULL, 2, 1, 0, 111, NULL, NULL),
(777, NULL, NULL, 4, 0, 1, 112, NULL, NULL),
(778, NULL, NULL, 2, 1, 0, 112, NULL, NULL),
(779, NULL, NULL, 3, 0, 1, 103, NULL, NULL),
(780, NULL, NULL, 2, 1, 0, 103, NULL, NULL),
(781, NULL, NULL, 1, 0, 1, 104, NULL, NULL),
(782, NULL, NULL, 2, 1, 0, 104, NULL, NULL),
(783, NULL, NULL, 2, 0, 0, 105, NULL, NULL),
(784, NULL, NULL, 4, 1, 1, 105, NULL, NULL),
(785, NULL, NULL, 2, 0, 0, 106, NULL, NULL),
(786, NULL, NULL, 2, 1, 1, 106, NULL, NULL),
(787, NULL, NULL, 2, 0, 0, 107, NULL, NULL),
(788, NULL, NULL, 2, 1, 1, 107, NULL, NULL),
(789, NULL, NULL, 2, 0, 0, 108, NULL, NULL),
(790, NULL, NULL, 2, 1, 1, 108, NULL, NULL),
(791, NULL, NULL, 2, 0, 1, 109, NULL, NULL),
(792, NULL, NULL, 2, 1, 1, 109, NULL, NULL),
(793, NULL, NULL, 2, 0, 0, 110, NULL, NULL),
(794, NULL, NULL, 2, 1, 0, 110, NULL, NULL),
(795, NULL, NULL, 2, 0, 0, 111, NULL, NULL),
(796, NULL, NULL, 2, 1, 0, 111, NULL, NULL),
(797, NULL, NULL, 2, 0, 0, 112, NULL, NULL),
(798, NULL, NULL, 2, 1, 0, 112, NULL, NULL),
(799, NULL, NULL, 0, 0, 0, 117, NULL, NULL),
(800, NULL, NULL, 10, 10, 10, 118, NULL, NULL),
(801, NULL, NULL, 5, 0, 0, 119, NULL, NULL),
(802, NULL, NULL, 5, 0, 0, 119, NULL, NULL),
(803, NULL, NULL, 1, 0, 0, 119, NULL, NULL),
(804, NULL, NULL, 10, 5, 0, 119, NULL, NULL),
(805, NULL, NULL, 10, 0, 0, 119, NULL, NULL),
(806, NULL, NULL, 10, 0, 0, 120, NULL, NULL),
(807, NULL, NULL, 7, 0, 0, 120, NULL, NULL),
(808, NULL, NULL, 10, 0, 0, 121, NULL, NULL),
(809, NULL, NULL, 10, 5, 5, 121, NULL, NULL),
(810, NULL, NULL, 3, 0, 0, 121, NULL, NULL),
(811, NULL, NULL, 5, 0, 0, 121, NULL, NULL),
(812, NULL, NULL, 3, 0, 0, 121, NULL, NULL),
(813, NULL, NULL, 3, 0, 0, 121, NULL, NULL),
(814, NULL, NULL, 23, 1, 1, 122, NULL, NULL),
(815, NULL, NULL, 12, 0, 0, 122, NULL, NULL),
(816, NULL, NULL, 2, 0, 0, 122, NULL, NULL),
(817, NULL, NULL, 4, 0, 0, 122, NULL, NULL),
(818, NULL, NULL, 0, 0, 0, 123, NULL, NULL),
(819, NULL, NULL, 0, 0, 0, 123, NULL, NULL),
(820, NULL, NULL, 10, 2, 2, 124, NULL, NULL),
(821, NULL, NULL, 0, 0, 0, 124, NULL, NULL),
(822, NULL, NULL, 0, 0, 0, 125, NULL, NULL),
(823, NULL, NULL, 0, 1, 0, 125, NULL, NULL),
(824, NULL, NULL, 3, 1, 0, 125, NULL, NULL),
(825, NULL, NULL, 0, 2, 2, 125, NULL, NULL),
(826, NULL, NULL, 0, 0, 0, 125, NULL, NULL),
(827, NULL, NULL, 1, 1, 1, 125, NULL, NULL),
(828, NULL, NULL, 0, 1, 1, 126, NULL, NULL),
(829, NULL, NULL, 1, 1, 1, 126, NULL, NULL),
(830, NULL, NULL, 0, 1, 1, 126, NULL, NULL),
(831, NULL, NULL, 0, 1, 2, 127, NULL, NULL),
(832, NULL, NULL, 0, 1, 2, 127, NULL, NULL),
(833, NULL, NULL, 0, 1, 2, 127, NULL, NULL),
(834, NULL, NULL, 1, 1, 2, 127, NULL, NULL),
(835, NULL, NULL, 0, 0, 0, 127, NULL, NULL),
(836, NULL, NULL, 0, 0, 0, 128, NULL, NULL),
(837, NULL, NULL, 1, 1, 1, 128, NULL, NULL),
(838, NULL, NULL, 0, 0, 0, 129, NULL, NULL),
(839, NULL, NULL, 1, 0, 0, 129, NULL, NULL),
(840, NULL, NULL, 0, 0, 0, 130, NULL, NULL),
(841, NULL, NULL, 0, 0, 0, 131, NULL, NULL),
(842, NULL, NULL, 0, 0, 0, 132, NULL, NULL),
(843, NULL, NULL, 1, 1, 1, 132, NULL, NULL),
(844, NULL, NULL, 10, 10, 10, 133, NULL, NULL),
(845, NULL, NULL, 10, 0, 0, 134, NULL, NULL),
(846, NULL, NULL, 12, 0, 0, 135, NULL, NULL),
(847, NULL, NULL, 4, 0, 0, 135, NULL, NULL),
(848, NULL, NULL, 10, 1, 1, 136, NULL, NULL),
(849, NULL, NULL, 4, 0, 0, 137, NULL, NULL),
(850, NULL, NULL, 6, 0, 0, 137, NULL, NULL),
(851, NULL, NULL, 4, 0, 0, 138, NULL, NULL),
(852, NULL, NULL, 4, 0, 0, 139, NULL, NULL),
(853, NULL, NULL, 4, 0, 0, 140, NULL, NULL),
(854, NULL, NULL, 4, 0, 0, 141, NULL, NULL),
(855, NULL, NULL, 4, 0, 0, 142, NULL, NULL),
(856, NULL, NULL, 4, 0, 0, 143, NULL, NULL),
(857, NULL, NULL, 4, 0, 0, 144, NULL, NULL),
(858, NULL, NULL, 10, 0, 0, 144, NULL, NULL),
(859, NULL, NULL, 7, 0, 0, 144, NULL, NULL),
(860, NULL, NULL, 6, 0, 0, 144, NULL, NULL),
(861, NULL, NULL, 11, 0, 0, 144, NULL, NULL),
(862, NULL, NULL, 7, 1, 0, 144, NULL, NULL),
(863, NULL, NULL, 6, 1, 1, 144, NULL, NULL),
(864, NULL, NULL, 4, 0, 0, 145, NULL, NULL),
(865, NULL, NULL, 0, 0, 0, 145, NULL, NULL),
(866, NULL, NULL, 4, 4, 4, 145, NULL, NULL),
(867, NULL, NULL, 0, 4, 0, 145, NULL, NULL),
(868, NULL, NULL, 10, 0, 0, 145, NULL, NULL),
(869, NULL, NULL, 4, 0, 0, 146, NULL, NULL),
(870, NULL, NULL, 0, 0, 0, 146, NULL, NULL),
(871, NULL, NULL, 0, 4, 4, 146, NULL, NULL),
(872, NULL, NULL, 4, 4, 4, 146, NULL, NULL),
(873, NULL, NULL, 10, 0, 0, 146, NULL, NULL),
(874, NULL, NULL, 10, 0, 0, 146, NULL, NULL);

-- --------------------------------------------------------

--
-- Estrutura para tabela `Produto`
--

CREATE TABLE `Produto` (
  `id` bigint UNSIGNED NOT NULL,
  `nome` varchar(255) CHARACTER SET utf8mb4 COLLATE utf8mb4_0900_ai_ci NOT NULL,
  `compat_macropilis` int DEFAULT NULL,
  `compat_californicus` int DEFAULT NULL
) ENGINE=InnoDB DEFAULT CHARSET=utf8mb4 COLLATE=utf8mb4_0900_ai_ci;

--
-- Despejando dados para a tabela `Produto`
--

INSERT INTO `Produto` (`id`, `nome`, `compat_macropilis`, `compat_californicus`) VALUES
(1, ' Abadin 72 EC ', NULL, NULL),
(2, 'Abamectin Nortox', NULL, NULL),
(3, '  Abamectin Prentis', 2, 1),
(4, ' Abamectin 72 EC Norto', NULL, NULL),
(5, ' Abamex     ', NULL, NULL),
(6, ' Abamex Max', NULL, NULL),
(7, ' Acarige', NULL, NULL),
(8, ' Acarit EC', NULL, NULL),
(9, ' Adver 240 S', NULL, NULL),
(10, ' Azamax', NULL, NULL),
(11, ' Borea', NULL, NULL),
(12, ' Clorfenapir Nortox', NULL, NULL),
(13, ' DalNeem E', NULL, NULL),
(14, ' Danimen 300 E', NULL, NULL),
(15, ' Devamectin 18 E', NULL, NULL),
(16, ' Epime', NULL, NULL),
(17, ' Fujimite 50 S', NULL, NULL),
(18, ' Kumulus DF', NULL, NULL),
(19, ' Matrine; Biophora; Oxymatrine; ', NULL, NULL),
(20, ' Meothrin 30', NULL, NULL),
(21, ' MilbekNoc', NULL, NULL),
(22, ' Omite 720 E', NULL, NULL),
(23, ' Ortus 50 S', NULL, NULL),
(24, ' Pausat', NULL, NULL),
(25, ' Pirat', NULL, NULL),
(26, ' Potenza Sino', NULL, NULL),
(27, ' Potenza Sinon Plus 36 E', NULL, NULL),
(28, ' Propargite Fersol 720 E', NULL, NULL),
(29, ' Sanmite E', NULL, NULL),
(30, ' Sumirody 30', NULL, NULL),
(31, ' Trigger 240 S', NULL, NULL),
(32, ' Veromit', NULL, NULL),
(33, 'Vertimec 18 EC   Abamectin Prentis', NULL, NULL);

-- --------------------------------------------------------

--
-- Estrutura para tabela `Propriedade`
--

CREATE TABLE `Propriedade` (
  `id` bigint UNSIGNED NOT NULL,
  `nome` varchar(255) CHARACTER SET utf8mb4 COLLATE utf8mb4_0900_ai_ci NOT NULL,
  `ponto` point DEFAULT NULL,
  `distrito` varchar(100) DEFAULT NULL,
  `municipio` varchar(100) CHARACTER SET utf8mb4 COLLATE utf8mb4_0900_ai_ci NOT NULL,
  `agricultor_id` bigint UNSIGNED NOT NULL
) ENGINE=InnoDB DEFAULT CHARSET=utf8mb4 COLLATE=utf8mb4_0900_ai_ci;

--
-- Despejando dados para a tabela `Propriedade`
--

INSERT INTO `Propriedade` (`id`, `nome`, `ponto`, `distrito`, `municipio`, `agricultor_id`) VALUES
(42, 'Propriedade', 0x00000000010100000000000000000034c000000000004044c0, 'Distrito 01', 'Domingos Martins', 1),
(43, 'Propriedade 1', 0x000000000101000000b9c667b27f0634c028f38fbe495f44c0, 'Distrito 1', 'Santa Maria de Jetibá', 2),
(46, 'Campo Largo', 0x000000000101000000b9c667b27f0634c03b70ce88d25e44c0, 'Distrito 1', 'Domingos Martins', 8),
(50, 'Rancho', 0x000000000101000000fed478e9264138c023dbf97e6ac444c0, 'Distrito 2', 'Santa Maria de Jetibá', 11),
(51, 'Morango do Nordeste', 0x0000000001010000009a999999991934c09a999999995945c0, 'São João do Capim', 'Santa Maria de Jetibá', 14),
(52, 'Sítio Alegre', 0x0000000001010000009a999999995936c052b81e85ebb146c0, 'Rive', 'Santa Maria de Jetibá', 15),
(53, 'Prop 2', 0x00000000010100000000000000000000000000000000000000, 'Merda', 'Afonso Cláudio', 2),
(56, 'dfsdfsdfsdafasd', NULL, 'Merda', 'Domingos Martins', 8),
(57, 'asdfg', NULL, 'Merda', '', 14),
(59, 'A', 0x00000000010100000000000000000000000000000000000000, 'B', 'Domingos Martins', 2),
(67, 'Fazenda Toin', NULL, 'Distrito do TOin', 'Domingos Martins', 21),
(68, 'Fazenda Toin 2', NULL, 'ASD', 'Afonso Cláudio', 21);

-- --------------------------------------------------------

--
-- Estrutura stand-in para view `PROPRIEDADE_VIEW`
-- (Veja abaixo para a visão atual)
--
CREATE TABLE `PROPRIEDADE_VIEW` (
`distrito` varchar(100)
,`id` bigint unsigned
,`latitude` double
,`longitude` double
,`municipio` varchar(100)
,`nome` varchar(255)
,`nomeagri` varchar(255)
);

-- --------------------------------------------------------

--
-- Estrutura para tabela `Talhao`
--

CREATE TABLE `Talhao` (
  `id` bigint UNSIGNED NOT NULL,
  `nome` varchar(255) DEFAULT NULL,
  `area` int UNSIGNED DEFAULT NULL,
  `propriedade_id` bigint UNSIGNED NOT NULL,
  `area_livre` float(8,2) DEFAULT NULL,
  `area_usada` float(8,2) DEFAULT NULL
) ENGINE=InnoDB DEFAULT CHARSET=utf8mb4 COLLATE=utf8mb4_0900_ai_ci;

--
-- Despejando dados para a tabela `Talhao`
--

INSERT INTO `Talhao` (`id`, `nome`, `area`, `propriedade_id`, `area_livre`, `area_usada`) VALUES
(15, 'Estufa 1', 100, 46, NULL, NULL),
(17, 'Estufa 2', 1000, 46, NULL, NULL),
(23, 'Campo Aberto 2', 300, 42, NULL, NULL),
(24, 'Estufa Sul 1', 150, 43, NULL, NULL),
(26, 'Estufa Sul 1', 150, 43, NULL, NULL),
(28, 'Estufa Sul 1', 150, 43, NULL, NULL),
(30, 'Estufa Sul 1', 150, 43, NULL, NULL),
(32, 'Estufa Sul 1', 150, 43, NULL, NULL),
(33, 'Campo Aberto 2', 300, 43, NULL, NULL),
(34, 'asdsdsd', 5, 56, NULL, NULL),
(35, 'asadsa', 2525, 43, 4000.00, 2000.00),
(36, 'Da Mata', 10000, 51, NULL, NULL),
(37, 'Estufa 1', 1000, 52, 6000.00, 0.00),
(38, 'Suspensa 1', 1000, 52, 6000.00, 0.00),
(39, 'Estufa Quebrada', 200, 50, 6000.00, 0.00),
(40, 'ASDm', 14204, 43, 6000.00, 0.00),
(41, '', NULL, 53, 6000.00, 0.00),
(42, '', NULL, 59, 5000.00, 0.00),
(44, 'B', 1000, 59, NULL, NULL),
(45, 'C', 100, 42, NULL, NULL),
(47, 'Estufa Norte', 20000, 67, 18895.00, 1105.00),
(49, 'Campo Solar', 232, 42, 232.00, NULL),
(50, 'Passagem', 300, 67, 300.00, 0.00),
(51, 'Alameda', 2, 67, 2.00, 0.00),
(52, 'Estufa Nova', 5000, 67, 2500.00, 2500.00),
(53, 'Inferno', 6000, 67, 4000.00, 2000.00),
(54, 'Inferno2', 6000, 67, 5000.00, 1000.00),
(55, 'asd', 5000, 50, 0.00, 5000.00),
(56, 'Talhao 1', 5000, 68, 500.00, 4500.00);

-- --------------------------------------------------------

--
-- Estrutura para tabela `TipoCultivar`
--

CREATE TABLE `TipoCultivar` (
  `id` bigint UNSIGNED NOT NULL,
  `nome` varchar(255) CHARACTER SET utf8mb4 COLLATE utf8mb4_0900_ai_ci NOT NULL
) ENGINE=InnoDB DEFAULT CHARSET=utf8mb4 COLLATE=utf8mb4_0900_ai_ci;

--
-- Despejando dados para a tabela `TipoCultivar`
--

INSERT INTO `TipoCultivar` (`id`, `nome`) VALUES
(1, 'Moranguinho do Nordeste'),
(10, 'Morango da Serra');

-- --------------------------------------------------------

--
-- Estrutura para view `PROPRIEDADE_VIEW`
--
DROP TABLE IF EXISTS `PROPRIEDADE_VIEW`;

CREATE ALGORITHM=UNDEFINED DEFINER=`root`@`%` SQL SECURITY DEFINER VIEW `PROPRIEDADE_VIEW`  AS SELECT `Propriedade`.`id` AS `id`, `Propriedade`.`nome` AS `nome`, st_x(`Propriedade`.`ponto`) AS `latitude`, st_y(`Propriedade`.`ponto`) AS `longitude`, `Propriedade`.`distrito` AS `distrito`, `Propriedade`.`municipio` AS `municipio`, `Agricultor`.`nome` AS `nomeagri` FROM (`Propriedade` join `Agricultor` on((`Propriedade`.`agricultor_id` = `Agricultor`.`id`))) ;

--
-- Índices para tabelas despejadas
--

--
-- Índices de tabela `Agricultor`
--
ALTER TABLE `Agricultor`
  ADD PRIMARY KEY (`id`),
  ADD UNIQUE KEY `id` (`id`),
  ADD UNIQUE KEY `cpf` (`cpf`),
  ADD UNIQUE KEY `cpf_2` (`cpf`),
  ADD UNIQUE KEY `cpf_3` (`cpf`),
  ADD UNIQUE KEY `email` (`email`),
  ADD UNIQUE KEY `telefone` (`telefone`);

--
-- Índices de tabela `Amostragem`
--
ALTER TABLE `Amostragem`
  ADD PRIMARY KEY (`id`),
  ADD UNIQUE KEY `id` (`id`),
  ADD KEY `cultivo_id` (`cultivo_id`);

--
-- Índices de tabela `Cultivo`
--
ALTER TABLE `Cultivo`
  ADD PRIMARY KEY (`id`),
  ADD UNIQUE KEY `id` (`id`),
  ADD KEY `talhao_id` (`talhao_id`),
  ADD KEY `tipoCultivar_id` (`tipoCultivar_id`);

--
-- Índices de tabela `Decisao`
--
ALTER TABLE `Decisao`
  ADD PRIMARY KEY (`id`),
  ADD UNIQUE KEY `id` (`id`),
  ADD KEY `produto_id` (`produto_id`),
  ADD KEY `amostragem_id` (`amostragem_id`);

--
-- Índices de tabela `Foliolo`
--
ALTER TABLE `Foliolo`
  ADD PRIMARY KEY (`id`),
  ADD UNIQUE KEY `id` (`id`),
  ADD KEY `amostragem_id` (`amostragem_id`);

--
-- Índices de tabela `Produto`
--
ALTER TABLE `Produto`
  ADD PRIMARY KEY (`id`),
  ADD UNIQUE KEY `id` (`id`),
  ADD UNIQUE KEY `nome` (`nome`);

--
-- Índices de tabela `Propriedade`
--
ALTER TABLE `Propriedade`
  ADD PRIMARY KEY (`id`),
  ADD UNIQUE KEY `id` (`id`),
  ADD KEY `agricultor_id` (`agricultor_id`);

--
-- Índices de tabela `Talhao`
--
ALTER TABLE `Talhao`
  ADD PRIMARY KEY (`id`),
  ADD UNIQUE KEY `id` (`id`),
  ADD KEY `propriedade_id` (`propriedade_id`);

--
-- Índices de tabela `TipoCultivar`
--
ALTER TABLE `TipoCultivar`
  ADD PRIMARY KEY (`id`),
  ADD UNIQUE KEY `id` (`id`);

--
-- AUTO_INCREMENT para tabelas despejadas
--

--
-- AUTO_INCREMENT de tabela `Agricultor`
--
ALTER TABLE `Agricultor`
  MODIFY `id` bigint UNSIGNED NOT NULL AUTO_INCREMENT, AUTO_INCREMENT=22;

--
-- AUTO_INCREMENT de tabela `Amostragem`
--
ALTER TABLE `Amostragem`
  MODIFY `id` bigint UNSIGNED NOT NULL AUTO_INCREMENT, AUTO_INCREMENT=147;

--
-- AUTO_INCREMENT de tabela `Cultivo`
--
ALTER TABLE `Cultivo`
  MODIFY `id` bigint UNSIGNED NOT NULL AUTO_INCREMENT, AUTO_INCREMENT=49;

--
-- AUTO_INCREMENT de tabela `Decisao`
--
ALTER TABLE `Decisao`
  MODIFY `id` bigint UNSIGNED NOT NULL AUTO_INCREMENT, AUTO_INCREMENT=24;

--
-- AUTO_INCREMENT de tabela `Foliolo`
--
ALTER TABLE `Foliolo`
  MODIFY `id` bigint UNSIGNED NOT NULL AUTO_INCREMENT, AUTO_INCREMENT=875;

--
-- AUTO_INCREMENT de tabela `Produto`
--
ALTER TABLE `Produto`
  MODIFY `id` bigint UNSIGNED NOT NULL AUTO_INCREMENT, AUTO_INCREMENT=63;

--
-- AUTO_INCREMENT de tabela `Propriedade`
--
ALTER TABLE `Propriedade`
  MODIFY `id` bigint UNSIGNED NOT NULL AUTO_INCREMENT, AUTO_INCREMENT=69;

--
-- AUTO_INCREMENT de tabela `Talhao`
--
ALTER TABLE `Talhao`
  MODIFY `id` bigint UNSIGNED NOT NULL AUTO_INCREMENT, AUTO_INCREMENT=57;

--
-- AUTO_INCREMENT de tabela `TipoCultivar`
--
ALTER TABLE `TipoCultivar`
  MODIFY `id` bigint UNSIGNED NOT NULL AUTO_INCREMENT, AUTO_INCREMENT=11;

--
-- Restrições para tabelas despejadas
--

--
-- Restrições para tabelas `Amostragem`
--
ALTER TABLE `Amostragem`
  ADD CONSTRAINT `Amostragem_ibfk_1` FOREIGN KEY (`cultivo_id`) REFERENCES `Cultivo` (`id`);

--
-- Restrições para tabelas `Cultivo`
--
ALTER TABLE `Cultivo`
  ADD CONSTRAINT `Cultivo_ibfk_1` FOREIGN KEY (`talhao_id`) REFERENCES `Talhao` (`id`),
  ADD CONSTRAINT `Cultivo_ibfk_2` FOREIGN KEY (`tipoCultivar_id`) REFERENCES `TipoCultivar` (`id`);

--
-- Restrições para tabelas `Decisao`
--
ALTER TABLE `Decisao`
  ADD CONSTRAINT `Decisao_ibfk_1` FOREIGN KEY (`produto_id`) REFERENCES `Produto` (`id`),
  ADD CONSTRAINT `Decisao_ibfk_2` FOREIGN KEY (`amostragem_id`) REFERENCES `Amostragem` (`id`);

--
-- Restrições para tabelas `Foliolo`
--
ALTER TABLE `Foliolo`
  ADD CONSTRAINT `Foliolo_ibfk_1` FOREIGN KEY (`amostragem_id`) REFERENCES `Amostragem` (`id`);

--
-- Restrições para tabelas `Propriedade`
--
ALTER TABLE `Propriedade`
  ADD CONSTRAINT `Propriedade_ibfk_1` FOREIGN KEY (`agricultor_id`) REFERENCES `Agricultor` (`id`);

--
-- Restrições para tabelas `Talhao`
--
ALTER TABLE `Talhao`
  ADD CONSTRAINT `Talhao_ibfk_1` FOREIGN KEY (`propriedade_id`) REFERENCES `Propriedade` (`id`);
COMMIT;